{"type": "FeatureCollection", "features": [{"type": "Feature", "properties": {"id": "roof-001", "parcelId": "JP-01-01", "company": "Rajputana Textiles Pvt Ltd", "segment": "C&I", "pincode": "302022", "area": 2297, "usableArea": 1497, "height": 6.1, "orientation": 135, "ghi": 5.23, "shade": 13.9, "weatherVar": 9.6, "performance": 0.765, "kw": 157.5, "generation": 230353, "tariff": 9.45, "capex": 6931204, "opex": 83174, "annualSavings": 2176823, "payback": 3.3, "propensity": 98, "credit": 57, "sanctionedLoad": 312, "ownership": "Owned", "partner": "SunGrid EPC - Jaipur", "sla": "2h", "status": "contacted"}, "geometry": {"type": "Polygon", "coordinates": [[[75.82564908390826, 26.774415194815504], [75.8261457895842, 26.774381602753802], [75.82617393451572, 26.774797764981443], [75.82567722883978, 26.774831357043144], [75.82564908390826, 26.774415194815504]]]}}, {"type": "Feature", "properties": {"id": "roof-002", "parcelId": "JP-01-02", "company": "Jaipur Cold Chain Works", "segment": "C&I", "pincode": "302022", "area": 3014, "usableArea": 2330, "height": 11.6, "orientation": 20, "ghi": 5.4, "shade": 15.4, "weatherVar": 17.3, "performance": 0.743, "kw": 245.3, "generation": 358860, "tariff": 9.42, "capex": 10791536, "opex": 129498, "annualSavings": 3379232, "payback": 3.3, "propensity": 98, "credit": 58, "sanctionedLoad": 370, "ownership": "Owned", "partner": "SunGrid EPC - Jaipur", "sla": "2h", "status": "new"}, "geometry": {"type": "Polygon", "coordinates": [[[75.82689654460853, 26.77445851581163], [75.82759488179556, 26.77446458782628], [75.82759148987884, 26.77485468925392], [75.82689315269181, 26.77484861723927], [75.82689654460853, 26.77445851581163]]]}}, {"type": "Feature", "properties": {"id": "roof-003", "parcelId": "JP-01-03", "company": "Pink City Packaging", "segment": "C&I", "pincode": "302022", "area": 1919, "usableArea": 1302, "height": 8.0, "orientation": 10, "ghi": 4.8, "shade": 10.6, "weatherVar": 18.9, "performance": 0.75, "kw": 137.0, "generation": 179793, "tariff": 9.59, "capex": 6028011, "opex": 72336, "annualSavings": 1724571, "payback": 3.6, "propensity": 98, "credit": 73, "sanctionedLoad": 288, "ownership": "Owned", "partner": "SunGrid EPC - Jaipur", "sla": "2h", "status": "new"}, "geometry": {"type": "Polygon", "coordinates": [[[75.8282220503276, 26.774425801436127], [75.82863286050116, 26.77444040304654], [75.8286178756591, 26.774861995281046], [75.82820706548554, 26.774847393670633], [75.8282220503276, 26.774425801436127]]]}}, {"type": "Feature", "properties": {"id": "roof-004", "parcelId": "JP-01-04", "company": "Sitapura Auto Components", "segment": "C&I", "pincode": "302022", "area": 2150, "usableArea": 1374, "height": 9.6, "orientation": 135, "ghi": 5.16, "shade": 8.3, "weatherVar": 14.0, "performance": 0.767, "kw": 144.7, "generation": 208742, "tariff": 10.31, "capex": 6365593, "opex": 76387, "annualSavings": 2152947, "payback": 3.1, "propensity": 98, "credit": 66, "sanctionedLoad": 315, "ownership": "Owned", "partner": "SunGrid EPC - Jaipur", "sla": "2h", "status": "new"}, "geometry": {"type": "Polygon", "coordinates": [[[75.82948015169339, 26.77436756782391], [75.82995989380292, 26.77441545616098], [75.82991986075757, 26.77481650449141], [75.82944011864804, 26.77476861615434], [75.82948015169339, 26.77436756782391]]]}}, {"type": "Feature", "properties": {"id": "roof-005", "parcelId": "JP-01-05", "company": "Aravali Food Processing", "segment": "C&I", "pincode": "302022", "area": 2322, "usableArea": 1727, "height": 6.2, "orientation": 0, "ghi": 5.26, "shade": 13.7, "weatherVar": 10.2, "performance": 0.764, "kw": 181.8, "generation": 266939, "tariff": 9.59, "capex": 7999212, "opex": 95991, "annualSavings": 2561193, "payback": 3.2, "propensity": 98, "credit": 68, "sanctionedLoad": 308, "ownership": "Owned", "partner": "SunGrid EPC - Jaipur", "sla": "2h", "status": "new"}, "geometry": {"type": "Polygon", "coordinates": [[[75.83084327067701, 26.774299537660006], [75.83123121097137, 26.77434358556618], [75.83117056540482, 26.77487770536851], [75.83078262511046, 26.774833657462338], [75.83084327067701, 26.774299537660006]]]}}, {"type": "Feature", "properties": {"id": "roof-006", "parcelId": "JP-01-06", "company": "Sitapura Industrial Prospect 006", "segment": "C&I", "pincode": "302022", "area": 1820, "usableArea": 1201, "height": 18.4, "orientation": 0, "ghi": 5.19, "shade": 12.8, "weatherVar": 8.3, "performance": 0.771, "kw": 126.5, "generation": 184685, "tariff": 8.82, "capex": 5564481, "opex": 66774, "annualSavings": 1628251, "payback": 3.6, "propensity": 98, "credit": 72, "sanctionedLoad": 211, "ownership": "Owned", "partner": "SunGrid EPC - Jaipur", "sla": "2h", "status": "contacted"}, "geometry": {"type": "Polygon", "coordinates": [[[75.8319848303755, 26.774484769852215], [75.83249459849739, 26.774516929126708], [75.8324743245884, 26.774838298083893], [75.83196455646652, 26.7748061388094], [75.8319848303755, 26.774484769852215]]]}}, {"type": "Feature", "properties": {"id": "roof-007", "parcelId": "JP-01-07", "company": "Sitapura Industrial Prospect 007", "segment": "C&I", "pincode": "302022", "area": 3813, "usableArea": 2584, "height": 8.4, "orientation": 170, "ghi": 5.31, "shade": 7.0, "weatherVar": 10.7, "performance": 0.778, "kw": 272.0, "generation": 409778, "tariff": 10.59, "capex": 11968884, "opex": 143627, "annualSavings": 4338082, "payback": 2.9, "propensity": 98, "credit": 73, "sanctionedLoad": 437, "ownership": "Rented", "partner": "SunGrid EPC - Jaipur", "sla": "2h", "status": "new"}, "geometry": {"type": "Polygon", "coordinates": [[[75.83320581087952, 26.774324885303255], [75.83380619555984, 26.77432887294221], [75.83380238295345, 26.774902904467236], [75.83320199827313, 26.77489891682828], [75.83320581087952, 26.774324885303255]]]}}, {"type": "Feature", "properties": {"id": "roof-008", "parcelId": "JP-01-08", "company": "Sitapura Industrial Prospect 008", "segment": "C&I", "pincode": "302022", "area": 2670, "usableArea": 1553, "height": 16.0, "orientation": 90, "ghi": 4.77, "shade": 21.7, "weatherVar": 13.9, "performance": 0.738, "kw": 163.5, "generation": 209953, "tariff": 9.12, "capex": 7194877, "opex": 86339, "annualSavings": 1915505, "payback": 3.9, "propensity": 98, "credit": 73, "sanctionedLoad": 256, "ownership": "Rented", "partner": "SunGrid EPC - Jaipur", "sla": "2h", "status": "new"}, "geometry": {"type": "Polygon", "coordinates": [[[75.8344683613654, 26.774488375191204], [75.83506843613428, 26.77442635148161], [75.83510956041866, 26.774824225868713], [75.83450948564978, 26.77488624957831], [75.8344683613654, 26.774488375191204]]]}}, {"type": "Feature", "properties": {"id": "roof-009", "parcelId": "JP-01-09", "company": "Sitapura Industrial Prospect 009", "segment": "C&I", "pincode": "302022", "area": 3376, "usableArea": 1922, "height": 11.6, "orientation": 10, "ghi": 4.9, "shade": 8.0, "weatherVar": 18.1, "performance": 0.757, "kw": 202.4, "generation": 274095, "tariff": 9.04, "capex": 8904032, "opex": 106848, "annualSavings": 2478027, "payback": 3.8, "propensity": 98, "credit": 67, "sanctionedLoad": 294, "ownership": "Owned", "partner": "SunGrid EPC - Jaipur", "sla": "2h", "status": "new"}, "geometry": {"type": "Polygon", "coordinates": [[[75.83567998181493, 26.774418482936987], [75.83620945990707, 26.77438650470855], [75.83624414017817, 26.77496072175156], [75.83571466208603, 26.77499269998], [75.83567998181493, 26.774418482936987]]]}}, {"type": "Feature", "properties": {"id": "roof-010", "parcelId": "JP-01-10", "company": "Sitapura Industrial Prospect 010", "segment": "C&I", "pincode": "302022", "area": 4927, "usableArea": 2902, "height": 18.3, "orientation": 20, "ghi": 5.03, "shade": 22.1, "weatherVar": 18.9, "performance": 0.724, "kw": 305.4, "generation": 405996, "tariff": 9.36, "capex": 13438932, "opex": 161267, "annualSavings": 3798560, "payback": 3.7, "propensity": 98, "credit": 60, "sanctionedLoad": 458, "ownership": "Owned", "partner": "SunGrid EPC - Jaipur", "sla": "2h", "status": "new"}, "geometry": {"type": "Polygon", "coordinates": [[[75.83693585972162, 26.774335755384257], [75.83764542048769, 26.77441877661998], [75.83757298240869, 26.775037885916284], [75.83686342164262, 26.77495486468056], [75.83693585972162, 26.774335755384257]]]}}, {"type": "Feature", "properties": {"id": "roof-011", "parcelId": "JP-01-11", "company": "Sitapura Industrial Prospect 011", "segment": "C&I", "pincode": "302022", "area": 2553, "usableArea": 1723, "height": 16.4, "orientation": 45, "ghi": 4.76, "shade": 20.8, "weatherVar": 10.0, "performance": 0.749, "kw": 181.3, "generation": 235988, "tariff": 9.46, "capex": 7979134, "opex": 95750, "annualSavings": 2233548, "payback": 3.7, "propensity": 98, "credit": 67, "sanctionedLoad": 321, "ownership": "Owned", "partner": "SunGrid EPC - Jaipur", "sla": "2h", "status": "contacted"}, "geometry": {"type": "Polygon", "coordinates": [[[75.83823002576462, 26.774459460934093], [75.83890525136408, 26.77440845085849], [75.83893092594887, 26.77474830796923], [75.83825570034941, 26.77479931804483], [75.83823002576462, 26.774459460934093]]]}}, {"type": "Feature", "properties": {"id": "roof-012", "parcelId": "JP-01-12", "company": "Sitapura Industrial Prospect 012", "segment": "C&I", "pincode": "302022", "area": 2780, "usableArea": 2167, "height": 5.6, "orientation": 10, "ghi": 5.11, "shade": 5.6, "weatherVar": 11.2, "performance": 0.78, "kw": 228.1, "generation": 331371, "tariff": 7.99, "capex": 10036466, "opex": 120438, "annualSavings": 2648522, "payback": 4.0, "propensity": 98, "credit": 56, "sanctionedLoad": 369, "ownership": "Owned", "partner": "SunGrid EPC - Jaipur", "sla": "2h", "status": "new"}, "geometry": {"type": "Polygon", "coordinates": [[[75.83941993166665, 26.774467328743512], [75.84006211139544, 26.77446089936268], [75.84006602791472, 26.77485208933102], [75.83942384818593, 26.774858518711852], [75.83941993166665, 26.774467328743512]]]}}, {"type": "Feature", "properties": {"id": "roof-013", "parcelId": "JP-01-13", "company": "Sitapura Industrial Prospect 013", "segment": "C&I", "pincode": "302022", "area": 4209, "usableArea": 3001, "height": 7.8, "orientation": 90, "ghi": 4.84, "shade": 9.9, "weatherVar": 15.2, "performance": 0.76, "kw": 315.9, "generation": 424201, "tariff": 10.19, "capex": 13899657, "opex": 166796, "annualSavings": 4321829, "payback": 3.3, "propensity": 98, "credit": 66, "sanctionedLoad": 537, "ownership": "Rented", "partner": "SunGrid EPC - Jaipur", "sla": "2h", "status": "new"}, "geometry": {"type": "Polygon", "coordinates": [[[75.84081037587768, 26.774284987105837], [75.84151561771262, 26.774351142136872], [75.84146545781036, 26.774885868837927], [75.84076021597542, 26.77481971380689], [75.84081037587768, 26.774284987105837]]]}}, {"type": "Feature", "properties": {"id": "roof-014", "parcelId": "JP-01-14", "company": "Sitapura Industrial Prospect 014", "segment": "C&I", "pincode": "302022", "area": 1620, "usableArea": 1240, "height": 16.4, "orientation": 90, "ghi": 4.68, "shade": 10.4, "weatherVar": 13.6, "performance": 0.763, "kw": 130.6, "generation": 170289, "tariff": 9.0, "capex": 5745217, "opex": 68943, "annualSavings": 1533181, "payback": 3.9, "propensity": 98, "credit": 63, "sanctionedLoad": 289, "ownership": "Owned", "partner": "SunGrid EPC - Jaipur", "sla": "2h", "status": "new"}, "geometry": {"type": "Polygon", "coordinates": [[[75.84213934381366, 26.77449166823395], [75.84249357912569, 26.7744585753487], [75.84253186115787, 26.774868356711323], [75.84217762584584, 26.774901449596573], [75.84213934381366, 26.77449166823395]]]}}, {"type": "Feature", "properties": {"id": "roof-015", "parcelId": "JP-01-15", "company": "Sitapura Industrial Prospect 015", "segment": "C&I", "pincode": "302022", "area": 2792, "usableArea": 1570, "height": 18.3, "orientation": 45, "ghi": 4.67, "shade": 17.7, "weatherVar": 11.0, "performance": 0.754, "kw": 165.3, "generation": 212366, "tariff": 10.41, "capex": 7271341, "opex": 87256, "annualSavings": 2209937, "payback": 3.4, "propensity": 98, "credit": 81, "sanctionedLoad": 323, "ownership": "Owned", "partner": "SunGrid EPC - Jaipur", "sla": "2h", "status": "new"}, "geometry": {"type": "Polygon", "coordinates": [[[75.84323460449244, 26.774418178619765], [75.84377002348187, 26.774384304131452], [75.84379972729741, 26.774853801611545], [75.84326430830798, 26.77488767609986], [75.84323460449244, 26.774418178619765]]]}}, {"type": "Feature", "properties": {"id": "roof-016", "parcelId": "JP-01-16", "company": "Sitapura Industrial Prospect 016", "segment": "C&I", "pincode": "302022", "area": 5005, "usableArea": 2854, "height": 9.8, "orientation": 0, "ghi": 5.52, "shade": 8.6, "weatherVar": 14.7, "performance": 0.764, "kw": 300.4, "generation": 462715, "tariff": 8.92, "capex": 13219428, "opex": 158633, "annualSavings": 4127001, "payback": 3.3, "propensity": 98, "credit": 66, "sanctionedLoad": 519, "ownership": "Rented", "partner": "SunGrid EPC - Jaipur", "sla": "2h", "status": "contacted"}, "geometry": {"type": "Polygon", "coordinates": [[[75.84434724177324, 26.774379854402056], [75.8450487724512, 26.774299303822904], [75.84512185938696, 26.77493583217734], [75.844420328709, 26.775016382756494], [75.84434724177324, 26.774379854402056]]]}}, {"type": "Feature", "properties": {"id": "roof-017", "parcelId": "JP-02-01", "company": "Sitapura Industrial Prospect 017", "segment": "C&I", "pincode": "302022", "area": 3298, "usableArea": 2210, "height": 9.5, "orientation": 45, "ghi": 4.65, "shade": 21.5, "weatherVar": 13.5, "performance": 0.739, "kw": 232.6, "generation": 291826, "tariff": 9.81, "capex": 10233679, "opex": 122804, "annualSavings": 2864098, "payback": 3.7, "propensity": 98, "credit": 74, "sanctionedLoad": 367, "ownership": "Rented", "partner": "SunGrid EPC - Jaipur", "sla": "2h", "status": "new"}, "geometry": {"type": "Polygon", "coordinates": [[[75.82558961424814, 26.775686012302057], [75.82633043185709, 26.775665595316426], [75.82634151428607, 26.776067714350173], [75.82560069667713, 26.776088131335804], [75.82558961424814, 26.775686012302057]]]}}, {"type": "Feature", "properties": {"id": "roof-018", "parcelId": "JP-02-02", "company": "Sitapura Industrial Prospect 018", "segment": "C&I", "pincode": "302022", "area": 3223, "usableArea": 2029, "height": 12.2, "orientation": 10, "ghi": 5.2, "shade": 9.0, "weatherVar": 13.6, "performance": 0.766, "kw": 213.5, "generation": 310768, "tariff": 7.8, "capex": 9395235, "opex": 112743, "annualSavings": 2424340, "payback": 4.1, "propensity": 98, "credit": 58, "sanctionedLoad": 364, "ownership": "Owned", "partner": "SunGrid EPC - Jaipur", "sla": "2h", "status": "new"}, "geometry": {"type": "Polygon", "coordinates": [[[75.82694617322846, 26.77550881875687], [75.82741269181952, 26.77546697657666], [75.82746825890692, 26.77608652075901], [75.82700174031586, 26.776128362939218], [75.82694617322846, 26.77550881875687]]]}}, {"type": "Feature", "properties": {"id": "roof-019", "parcelId": "JP-02-03", "company": "Sitapura Industrial Prospect 019", "segment": "C&I", "pincode": "302022", "area": 2711, "usableArea": 1987, "height": 17.7, "orientation": 20, "ghi": 4.85, "shade": 7.0, "weatherVar": 7.3, "performance": 0.786, "kw": 209.1, "generation": 291253, "tariff": 8.49, "capex": 9201250, "opex": 110415, "annualSavings": 2471443, "payback": 3.9, "propensity": 98, "credit": 71, "sanctionedLoad": 305, "ownership": "Owned", "partner": "SunGrid EPC - Jaipur", "sla": "2h", "status": "new"}, "geometry": {"type": "Polygon", "coordinates": [[[75.82824636829827, 26.775563874954763], [75.82871960703122, 26.77554514631395], [75.82874006748068, 26.77606214470572], [75.82826682874773, 26.776080873346533], [75.82824636829827, 26.775563874954763]]]}}, {"type": "Feature", "properties": {"id": "roof-020", "parcelId": "JP-02-04", "company": "Sitapura Industrial Prospect 020", "segment": "C&I", "pincode": "302022", "area": 2744, "usableArea": 1553, "height": 16.0, "orientation": 0, "ghi": 5.15, "shade": 21.3, "weatherVar": 8.5, "performance": 0.752, "kw": 163.4, "generation": 231066, "tariff": 8.17, "capex": 7191058, "opex": 86293, "annualSavings": 1888580, "payback": 4.0, "propensity": 98, "credit": 63, "sanctionedLoad": 294, "ownership": "Owned", "partner": "SunGrid EPC - Jaipur", "sla": "2h", "status": "new"}, "geometry": {"type": "Polygon", "coordinates": [[[75.82945377421107, 26.77555456199005], [75.83002708835694, 26.775544261342873], [75.83003485984504, 26.775976807374818], [75.82946154569917, 26.775987108021994], [75.82945377421107, 26.77555456199005]]]}}, {"type": "Feature", "properties": {"id": "roof-021", "parcelId": "JP-02-05", "company": "Sitapura Industrial Prospect 021", "segment": "C&I", "pincode": "302022", "area": 5252, "usableArea": 3878, "height": 10.3, "orientation": 90, "ghi": 5.09, "shade": 7.8, "weatherVar": 12.3, "performance": 0.772, "kw": 408.2, "generation": 585103, "tariff": 9.8, "capex": 17959222, "opex": 215511, "annualSavings": 5732800, "payback": 3.3, "propensity": 98, "credit": 66, "sanctionedLoad": 660, "ownership": "Rented", "partner": "SunGrid EPC - Jaipur", "sla": "2h", "status": "contacted"}, "geometry": {"type": "Polygon", "coordinates": [[[75.83071780007234, 26.775475953586703], [75.83142023619303, 26.775518451029896], [75.83137950179488, 26.776191745949657], [75.8306770656742, 26.776149248506464], [75.83071780007234, 26.775475953586703]]]}}, {"type": "Feature", "properties": {"id": "roof-022", "parcelId": "JP-02-06", "company": "Sitapura Industrial Prospect 022", "segment": "C&I", "pincode": "302022", "area": 2086, "usableArea": 1598, "height": 6.4, "orientation": 170, "ghi": 5.17, "shade": 12.5, "weatherVar": 18.3, "performance": 0.747, "kw": 168.2, "generation": 236938, "tariff": 8.64, "capex": 7402104, "opex": 88825, "annualSavings": 2046220, "payback": 3.8, "propensity": 98, "credit": 73, "sanctionedLoad": 330, "ownership": "Owned", "partner": "SunGrid EPC - Jaipur", "sla": "2h", "status": "new"}, "geometry": {"type": "Polygon", "coordinates": [[[75.83207230655994, 26.775506027877103], [75.83252376340161, 26.775535301075035], [75.83249678990781, 26.775951291441], [75.83204533306613, 26.77592201824307], [75.83207230655994, 26.775506027877103]]]}}, {"type": "Feature", "properties": {"id": "roof-023", "parcelId": "JP-02-07", "company": "Sitapura Industrial Prospect 023", "segment": "C&I", "pincode": "302022", "area": 3252, "usableArea": 2468, "height": 14.0, "orientation": 45, "ghi": 5.18, "shade": 16.3, "weatherVar": 8.0, "performance": 0.764, "kw": 259.8, "generation": 375603, "tariff": 9.0, "capex": 11431945, "opex": 137183, "annualSavings": 3380471, "payback": 3.5, "propensity": 98, "credit": 59, "sanctionedLoad": 393, "ownership": "Owned", "partner": "SunGrid EPC - Jaipur", "sla": "2h", "status": "new"}, "geometry": {"type": "Polygon", "coordinates": [[[75.8332820770492, 26.775621677266205], [75.83394533834591, 26.775676000865932], [75.83390928630931, 26.77611617641897], [75.8332460250126, 26.776061852819243], [75.8332820770492, 26.775621677266205]]]}}, {"type": "Feature", "properties": {"id": "roof-024", "parcelId": "JP-02-08", "company": "Sitapura Industrial Prospect 024", "segment": "C&I", "pincode": "302022", "area": 2926, "usableArea": 1692, "height": 6.3, "orientation": 135, "ghi": 4.69, "shade": 3.6, "weatherVar": 10.0, "performance": 0.787, "kw": 178.1, "generation": 239764, "tariff": 10.15, "capex": 7835757, "opex": 94029, "annualSavings": 2433565, "payback": 3.3, "propensity": 98, "credit": 66, "sanctionedLoad": 305, "ownership": "Rented", "partner": "SunGrid EPC - Jaipur", "sla": "2h", "status": "new"}, "geometry": {"type": "Polygon", "coordinates": [[[75.83444371565058, 26.775501316694047], [75.83512569760619, 26.77557557637105], [75.83508397228836, 26.77595877106026], [75.83440199033275, 26.775884511383257], [75.83444371565058, 26.775501316694047]]]}}, {"type": "Feature", "properties": {"id": "roof-025", "parcelId": "JP-02-09", "company": "Sitapura Industrial Prospect 025", "segment": "C&I", "pincode": "302022", "area": 1649, "usableArea": 1256, "height": 14.2, "orientation": 45, "ghi": 5.01, "shade": 17.3, "weatherVar": 7.9, "performance": 0.762, "kw": 132.2, "generation": 184110, "tariff": 9.73, "capex": 5815859, "opex": 69790, "annualSavings": 1792072, "payback": 3.4, "propensity": 98, "credit": 61, "sanctionedLoad": 275, "ownership": "Owned", "partner": "SunGrid EPC - Jaipur", "sla": "2h", "status": "new"}, "geometry": {"type": "Polygon", "coordinates": [[[75.83574741497729, 26.775652170449508], [75.83614095141031, 26.775659603007206], [75.83613380095666, 26.77603820269508], [75.83574026452364, 26.776030770137382], [75.83574741497729, 26.775652170449508]]]}}, {"type": "Feature", "properties": {"id": "roof-026", "parcelId": "JP-02-10", "company": "Sitapura Industrial Prospect 026", "segment": "C&I", "pincode": "302022", "area": 4655, "usableArea": 2548, "height": 10.1, "orientation": 170, "ghi": 5.06, "shade": 6.1, "weatherVar": 9.1, "performance": 0.784, "kw": 268.3, "generation": 388658, "tariff": 9.26, "capex": 11803246, "opex": 141639, "annualSavings": 3599316, "payback": 3.4, "propensity": 98, "credit": 70, "sanctionedLoad": 474, "ownership": "Owned", "partner": "SunGrid EPC - Jaipur", "sla": "2h", "status": "contacted"}, "geometry": {"type": "Polygon", "coordinates": [[[75.83682619252635, 26.775546841190074], [75.83754673433316, 26.77560269334643], [75.83750173907045, 26.776183171702225], [75.83678119726363, 26.77612731954587], [75.83682619252635, 26.775546841190074]]]}}, {"type": "Feature", "properties": {"id": "roof-027", "parcelId": "JP-02-11", "company": "Sitapura Industrial Prospect 027", "segment": "C&I", "pincode": "302022", "area": 2577, "usableArea": 1565, "height": 12.4, "orientation": 10, "ghi": 5.09, "shade": 10.1, "weatherVar": 10.1, "performance": 0.773, "kw": 164.8, "generation": 236404, "tariff": 8.58, "capex": 7249024, "opex": 86988, "annualSavings": 2029062, "payback": 3.7, "propensity": 98, "credit": 72, "sanctionedLoad": 296, "ownership": "Owned", "partner": "SunGrid EPC - Jaipur", "sla": "2h", "status": "new"}, "geometry": {"type": "Polygon", "coordinates": [[[75.83831367676204, 26.775589840050532], [75.83888708686882, 26.775612998462147], [75.83887071071963, 26.77601847745689], [75.83829730061285, 26.775995319045276], [75.83831367676204, 26.775589840050532]]]}}, {"type": "Feature", "properties": {"id": "roof-028", "parcelId": "JP-02-12", "company": "Sitapura Industrial Prospect 028", "segment": "C&I", "pincode": "302022", "area": 2761, "usableArea": 1610, "height": 16.1, "orientation": 45, "ghi": 5.15, "shade": 9.9, "weatherVar": 19.0, "performance": 0.751, "kw": 169.5, "generation": 239189, "tariff": 9.34, "capex": 7459054, "opex": 89509, "annualSavings": 2234285, "payback": 3.5, "propensity": 98, "credit": 67, "sanctionedLoad": 276, "ownership": "Owned", "partner": "SunGrid EPC - Jaipur", "sla": "2h", "status": "new"}, "geometry": {"type": "Polygon", "coordinates": [[[75.83937580056102, 26.775477898138003], [75.83987549582162, 26.77546643125312], [75.83988695121809, 26.775965625880286], [75.83938725595749, 26.77597709276517], [75.83937580056102, 26.775477898138003]]]}}, {"type": "Feature", "properties": {"id": "roof-029", "parcelId": "JP-02-13", "company": "Sitapura Industrial Prospect 029", "segment": "C&I", "pincode": "302022", "area": 4965, "usableArea": 3848, "height": 17.7, "orientation": 10, "ghi": 4.97, "shade": 9.0, "weatherVar": 15.5, "performance": 0.761, "kw": 405.0, "generation": 559965, "tariff": 8.15, "capex": 17821963, "opex": 213864, "annualSavings": 4566194, "payback": 4.1, "propensity": 98, "credit": 52, "sanctionedLoad": 592, "ownership": "Owned", "partner": "SunGrid EPC - Jaipur", "sla": "2h", "status": "new"}, "geometry": {"type": "Polygon", "coordinates": [[[75.84066360563408, 26.775523458964862], [75.84132187046453, 26.775538753061667], [75.8413060375179, 26.776220210231862], [75.84064777268745, 26.776204916135057], [75.84066360563408, 26.775523458964862]]]}}, {"type": "Feature", "properties": {"id": "roof-030", "parcelId": "JP-02-14", "company": "Sitapura Industrial Prospect 030", "segment": "C&I", "pincode": "302022", "area": 710, "usableArea": 381, "height": 11.6, "orientation": 135, "ghi": 5.27, "shade": 6.0, "weatherVar": 16.7, "performance": 0.765, "kw": 40.1, "generation": 59001, "tariff": 10.46, "capex": 1765176, "opex": 21182, "annualSavings": 617002, "payback": 3.0, "propensity": 98, "credit": 68, "sanctionedLoad": 128, "ownership": "Owned", "partner": "SunGrid EPC - Jaipur", "sla": "2h", "status": "new"}, "geometry": {"type": "Polygon", "coordinates": [[[75.84208886715788, 26.775782425832038], [75.84239342158233, 26.775754137344244], [75.84241281942332, 26.775962974887687], [75.84210826499887, 26.77599126337548], [75.84208886715788, 26.775782425832038]]]}}, {"type": "Feature", "properties": {"id": "roof-031", "parcelId": "JP-02-15", "company": "Sitapura Industrial Prospect 031", "segment": "C&I", "pincode": "302022", "area": 3109, "usableArea": 1697, "height": 17.7, "orientation": 10, "ghi": 4.89, "shade": 4.6, "weatherVar": 9.9, "performance": 0.785, "kw": 178.6, "generation": 250182, "tariff": 9.35, "capex": 7858253, "opex": 94299, "annualSavings": 2338096, "payback": 3.5, "propensity": 98, "credit": 66, "sanctionedLoad": 328, "ownership": "Owned", "partner": "SunGrid EPC - Jaipur", "sla": "2h", "status": "contacted"}, "geometry": {"type": "Polygon", "coordinates": [[[75.84323059719905, 26.775503242093055], [75.84387687796836, 26.775574899862377], [75.84382925810432, 26.776004382982695], [75.84318297733502, 26.775932725213373], [75.84323059719905, 26.775503242093055]]]}}, {"type": "Feature", "properties": {"id": "roof-032", "parcelId": "JP-02-16", "company": "Sitapura Industrial Prospect 032", "segment": "C&I", "pincode": "302022", "area": 2551, "usableArea": 1402, "height": 8.1, "orientation": 20, "ghi": 5.39, "shade": 4.4, "weatherVar": 9.0, "performance": 0.788, "kw": 147.6, "generation": 228971, "tariff": 8.66, "capex": 6495701, "opex": 77948, "annualSavings": 1983186, "payback": 3.4, "propensity": 98, "credit": 66, "sanctionedLoad": 245, "ownership": "Rented", "partner": "SunGrid EPC - Jaipur", "sla": "2h", "status": "new"}, "geometry": {"type": "Polygon", "coordinates": [[[75.84450907335196, 26.775496564124726], [75.84491032847028, 26.775467412617054], [75.84495185288125, 26.776038974219464], [75.84455059776293, 26.776068125727136], [75.84450907335196, 26.775496564124726]]]}}, {"type": "Feature", "properties": {"id": "roof-033", "parcelId": "JP-03-01", "company": "Sitapura Industrial Prospect 033", "segment": "C&I", "pincode": "302022", "area": 3803, "usableArea": 2929, "height": 18.4, "orientation": 90, "ghi": 5.51, "shade": 23.0, "weatherVar": 15.1, "performance": 0.732, "kw": 308.3, "generation": 453334, "tariff": 8.55, "capex": 13564433, "opex": 162773, "annualSavings": 3878102, "payback": 3.7, "propensity": 98, "credit": 69, "sanctionedLoad": 481, "ownership": "Owned", "partner": "SunGrid EPC - Jaipur", "sla": "2h", "status": "new"}, "geometry": {"type": "Polygon", "coordinates": [[[75.82562347021188, 26.776741625958774], [75.82633661268011, 26.77667145468201], [75.82638358747398, 26.777148854011084], [75.82567044500576, 26.77721902528785], [75.82562347021188, 26.776741625958774]]]}}, {"type": "Feature", "properties": {"id": "roof-034", "parcelId": "JP-03-02", "company": "Sitapura Industrial Prospect 034", "segment": "C&I", "pincode": "302022", "area": 3557, "usableArea": 2491, "height": 10.2, "orientation": 45, "ghi": 5.38, "shade": 14.0, "weatherVar": 12.5, "performance": 0.758, "kw": 262.2, "generation": 390483, "tariff": 8.68, "capex": 11537263, "opex": 138447, "annualSavings": 3389644, "payback": 3.5, "propensity": 98, "credit": 75, "sanctionedLoad": 411, "ownership": "Owned", "partner": "SunGrid EPC - Jaipur", "sla": "2h", "status": "new"}, "geometry": {"type": "Polygon", "coordinates": [[[75.82692159659933, 26.776805252027177], [75.82750857525046, 26.77678126229567], [75.8275309226508, 26.777328056531392], [75.82694394399967, 26.777352046262898], [75.82692159659933, 26.776805252027177]]]}}, {"type": "Feature", "properties": {"id": "roof-035", "parcelId": "JP-03-03", "company": "Sitapura Industrial Prospect 035", "segment": "C&I", "pincode": "302022", "area": 2447, "usableArea": 1863, "height": 12.4, "orientation": 45, "ghi": 4.76, "shade": 22.5, "weatherVar": 14.3, "performance": 0.735, "kw": 196.1, "generation": 250280, "tariff": 8.47, "capex": 8627141, "opex": 103526, "annualSavings": 2119884, "payback": 4.3, "propensity": 98, "credit": 64, "sanctionedLoad": 338, "ownership": "Rented", "partner": "SunGrid EPC - Jaipur", "sla": "2h", "status": "new"}, "geometry": {"type": "Polygon", "coordinates": [[[75.82830456978614, 26.776774613672025], [75.82883401305853, 26.776780868124572], [75.82882907850909, 26.77719858078344], [75.8282996352367, 26.777192326330894], [75.82830456978614, 26.776774613672025]]]}}, {"type": "Feature", "properties": {"id": "roof-036", "parcelId": "JP-03-04", "company": "Sitapura Industrial Prospect 036", "segment": "C&I", "pincode": "302022", "area": 1793, "usableArea": 1046, "height": 13.6, "orientation": 10, "ghi": 5.48, "shade": 13.2, "weatherVar": 17.6, "performance": 0.747, "kw": 110.1, "generation": 164552, "tariff": 10.22, "capex": 4845022, "opex": 58140, "annualSavings": 1681603, "payback": 3.0, "propensity": 98, "credit": 78, "sanctionedLoad": 207, "ownership": "Owned", "partner": "SunGrid EPC - Jaipur", "sla": "2h", "status": "contacted"}, "geometry": {"type": "Polygon", "coordinates": [[[75.82954300708924, 26.776889279949355], [75.83005293820655, 26.776948315605992], [75.83001662643882, 26.777261965040015], [75.82950669532151, 26.777202929383378], [75.82954300708924, 26.776889279949355]]]}}, {"type": "Feature", "properties": {"id": "roof-037", "parcelId": "JP-03-05", "company": "Sitapura Industrial Prospect 037", "segment": "C&I", "pincode": "302022", "area": 2389, "usableArea": 1580, "height": 12.4, "orientation": 170, "ghi": 4.82, "shade": 16.9, "weatherVar": 13.9, "performance": 0.748, "kw": 166.3, "generation": 218854, "tariff": 8.45, "capex": 7317328, "opex": 87808, "annualSavings": 1850187, "payback": 4.2, "propensity": 98, "credit": 53, "sanctionedLoad": 318, "ownership": "Owned", "partner": "SunGrid EPC - Jaipur", "sla": "2h", "status": "new"}, "geometry": {"type": "Polygon", "coordinates": [[[75.83081404636496, 26.776707195718856], [75.8313063403814, 26.776713330108432], [75.83130087525132, 26.777151915041074], [75.83080858123488, 26.777145780651498], [75.83081404636496, 26.776707195718856]]]}}, {"type": "Feature", "properties": {"id": "roof-038", "parcelId": "JP-03-06", "company": "Sitapura Industrial Prospect 038", "segment": "C&I", "pincode": "302022", "area": 3937, "usableArea": 2498, "height": 14.4, "orientation": 0, "ghi": 5.3, "shade": 11.2, "weatherVar": 14.9, "performance": 0.758, "kw": 263.0, "generation": 385720, "tariff": 8.23, "capex": 11570349, "opex": 138844, "annualSavings": 3175332, "payback": 3.8, "propensity": 98, "credit": 72, "sanctionedLoad": 406, "ownership": "Owned", "partner": "SunGrid EPC - Jaipur", "sla": "2h", "status": "new"}, "geometry": {"type": "Polygon", "coordinates": [[[75.83197663811464, 26.776727110976402], [75.83256939451793, 26.776780487446125], [75.83251576482354, 26.77737605596016], [75.83192300842025, 26.77732267949044], [75.83197663811464, 26.776727110976402]]]}}, {"type": "Feature", "properties": {"id": "roof-039", "parcelId": "JP-03-07", "company": "Sitapura Industrial Prospect 039", "segment": "C&I", "pincode": "302022", "area": 4054, "usableArea": 2773, "height": 10.5, "orientation": 135, "ghi": 4.73, "shade": 22.6, "weatherVar": 16.1, "performance": 0.73, "kw": 291.9, "generation": 368055, "tariff": 9.77, "capex": 12845191, "opex": 154142, "annualSavings": 3596228, "payback": 3.7, "propensity": 98, "credit": 63, "sanctionedLoad": 441, "ownership": "Rented", "partner": "SunGrid EPC - Jaipur", "sla": "2h", "status": "new"}, "geometry": {"type": "Polygon", "coordinates": [[[75.83327040332871, 26.77665464471089], [75.83390162235469, 26.776589028838565], [75.83396132413041, 26.777163354765886], [75.83333010510444, 26.777228970638213], [75.83327040332871, 26.77665464471089]]]}}, {"type": "Feature", "properties": {"id": "roof-040", "parcelId": "JP-03-08", "company": "Sitapura Industrial Prospect 040", "segment": "C&I", "pincode": "302022", "area": 2792, "usableArea": 1948, "height": 12.4, "orientation": 10, "ghi": 4.86, "shade": 15.8, "weatherVar": 12.5, "performance": 0.754, "kw": 205.0, "generation": 274207, "tariff": 9.67, "capex": 9021869, "opex": 108262, "annualSavings": 2650799, "payback": 3.5, "propensity": 98, "credit": 69, "sanctionedLoad": 322, "ownership": "Owned", "partner": "SunGrid EPC - Jaipur", "sla": "2h", "status": "new"}, "geometry": {"type": "Polygon", "coordinates": [[[75.83436114027839, 26.77670109475481], [75.83487911178251, 26.776686489596475], [75.83489284006822, 26.77717336283889], [75.8343748685641, 26.777187967997225], [75.83436114027839, 26.77670109475481]]]}}, {"type": "Feature", "properties": {"id": "roof-041", "parcelId": "JP-03-09", "company": "Sitapura Industrial Prospect 041", "segment": "C&I", "pincode": "302022", "area": 3476, "usableArea": 2152, "height": 10.1, "orientation": 135, "ghi": 4.92, "shade": 22.6, "weatherVar": 14.9, "performance": 0.733, "kw": 226.5, "generation": 297983, "tariff": 8.57, "capex": 9967527, "opex": 119610, "annualSavings": 2553277, "payback": 4.1, "propensity": 98, "credit": 68, "sanctionedLoad": 399, "ownership": "Rented", "partner": "SunGrid EPC - Jaipur", "sla": "2h", "status": "contacted"}, "geometry": {"type": "Polygon", "coordinates": [[[75.83575676052104, 26.77675901063177], [75.83650617235318, 26.776688052828295], [75.83654551442311, 26.777103559104745], [75.83579610259096, 26.77717451690822], [75.83575676052104, 26.77675901063177]]]}}, {"type": "Feature", "properties": {"id": "roof-042", "parcelId": "JP-03-10", "company": "Sitapura Industrial Prospect 042", "segment": "C&I", "pincode": "302022", "area": 2718, "usableArea": 1879, "height": 17.6, "orientation": 0, "ghi": 5.46, "shade": 15.9, "weatherVar": 10.7, "performance": 0.758, "kw": 197.8, "generation": 299100, "tariff": 9.03, "capex": 8704838, "opex": 104458, "annualSavings": 2702164, "payback": 3.4, "propensity": 98, "credit": 71, "sanctionedLoad": 292, "ownership": "Owned", "partner": "SunGrid EPC - Jaipur", "sla": "2h", "status": "new"}, "geometry": {"type": "Polygon", "coordinates": [[[75.8369427051639, 26.776791671702057], [75.8376142956093, 26.776827314723654], [75.83759493273998, 26.777192152424142], [75.83692334229458, 26.777156509402545], [75.8369427051639, 26.776791671702057]]]}}, {"type": "Feature", "properties": {"id": "roof-043", "parcelId": "JP-03-11", "company": "Sitapura Industrial Prospect 043", "segment": "C&I", "pincode": "302022", "area": 1637, "usableArea": 1194, "height": 16.4, "orientation": 170, "ghi": 4.75, "shade": 22.3, "weatherVar": 8.7, "performance": 0.749, "kw": 125.7, "generation": 163435, "tariff": 10.51, "capex": 5531172, "opex": 66374, "annualSavings": 1717086, "payback": 3.4, "propensity": 98, "credit": 78, "sanctionedLoad": 288, "ownership": "Owned", "partner": "SunGrid EPC - Jaipur", "sla": "2h", "status": "new"}, "geometry": {"type": "Polygon", "coordinates": [[[75.83823996300995, 26.776816040324288], [75.83857655756812, 26.776814573933805], [75.83857847223962, 26.7772540667], [75.83824187768145, 26.777255533090482], [75.83823996300995, 26.776816040324288]]]}}, {"type": "Feature", "properties": {"id": "roof-044", "parcelId": "JP-03-12", "company": "Sitapura Industrial Prospect 044", "segment": "C&I", "pincode": "302022", "area": 1731, "usableArea": 949, "height": 8.0, "orientation": 90, "ghi": 5.45, "shade": 14.2, "weatherVar": 18.0, "performance": 0.744, "kw": 99.9, "generation": 147631, "tariff": 8.42, "capex": 4393942, "opex": 52727, "annualSavings": 1243030, "payback": 3.7, "propensity": 98, "credit": 70, "sanctionedLoad": 245, "ownership": "Owned", "partner": "SunGrid EPC - Jaipur", "sla": "2h", "status": "new"}, "geometry": {"type": "Polygon", "coordinates": [[[75.83944597632849, 26.776886043909137], [75.84006465114939, 26.77695166373339], [75.84003813091662, 26.777201700981294], [75.83941945609573, 26.777136081157042], [75.83944597632849, 26.776886043909137]]]}}, {"type": "Feature", "properties": {"id": "roof-045", "parcelId": "JP-03-13", "company": "Sitapura Industrial Prospect 045", "segment": "C&I", "pincode": "302022", "area": 3720, "usableArea": 2850, "height": 12.1, "orientation": 135, "ghi": 4.79, "shade": 11.3, "weatherVar": 8.2, "performance": 0.775, "kw": 300.0, "generation": 406184, "tariff": 9.17, "capex": 13198112, "opex": 158377, "annualSavings": 3724774, "payback": 3.7, "propensity": 98, "credit": 77, "sanctionedLoad": 423, "ownership": "Owned", "partner": "SunGrid EPC - Jaipur", "sla": "2h", "status": "new"}, "geometry": {"type": "Polygon", "coordinates": [[[75.8405687486667, 26.776716048220496], [75.8413269675559, 26.77676034333291], [75.84130114597949, 26.77720234259463], [75.84054292709028, 26.777158047482217], [75.8405687486667, 26.776716048220496]]]}}, {"type": "Feature", "properties": {"id": "roof-046", "parcelId": "JP-03-14", "company": "Sitapura Industrial Prospect 046", "segment": "C&I", "pincode": "302022", "area": 2523, "usableArea": 1868, "height": 11.6, "orientation": 10, "ghi": 5.23, "shade": 14.9, "weatherVar": 7.3, "performance": 0.769, "kw": 196.6, "generation": 288512, "tariff": 10.0, "capex": 8651838, "opex": 103822, "annualSavings": 2885988, "payback": 3.1, "propensity": 98, "credit": 63, "sanctionedLoad": 340, "ownership": "Rented", "partner": "SunGrid EPC - Jaipur", "sla": "2h", "status": "contacted"}, "geometry": {"type": "Polygon", "coordinates": [[[75.84194630927935, 26.77676475903396], [75.84263543189384, 26.77670209639024], [75.84266527306069, 26.777030269950984], [75.8419761504462, 26.777092932594705], [75.84194630927935, 26.77676475903396]]]}}, {"type": "Feature", "properties": {"id": "roof-047", "parcelId": "JP-03-15", "company": "Sitapura Industrial Prospect 047", "segment": "C&I", "pincode": "302022", "area": 3696, "usableArea": 2163, "height": 7.6, "orientation": 170, "ghi": 4.67, "shade": 3.3, "weatherVar": 16.5, "performance": 0.772, "kw": 227.7, "generation": 299637, "tariff": 8.47, "capex": 10017931, "opex": 120215, "annualSavings": 2536786, "payback": 4.1, "propensity": 98, "credit": 56, "sanctionedLoad": 328, "ownership": "Owned", "partner": "SunGrid EPC - Jaipur", "sla": "2h", "status": "new"}, "geometry": {"type": "Polygon", "coordinates": [[[75.84323797112626, 26.77662184512102], [75.84372203977009, 26.776578745560553], [75.84378300919269, 26.77726351787375], [75.84329894054886, 26.777306617434217], [75.84323797112626, 26.77662184512102]]]}}, {"type": "Feature", "properties": {"id": "roof-048", "parcelId": "JP-03-16", "company": "Sitapura Industrial Prospect 048", "segment": "C&I", "pincode": "302022", "area": 2630, "usableArea": 1724, "height": 12.1, "orientation": 0, "ghi": 4.7, "shade": 12.6, "weatherVar": 11.8, "performance": 0.763, "kw": 181.5, "generation": 237711, "tariff": 9.72, "capex": 7985031, "opex": 95820, "annualSavings": 2310809, "payback": 3.6, "propensity": 98, "credit": 79, "sanctionedLoad": 268, "ownership": "Rented", "partner": "SunGrid EPC - Jaipur", "sla": "2h", "status": "new"}, "geometry": {"type": "Polygon", "coordinates": [[[75.84451088203332, 26.77671525734367], [75.84496724641717, 26.776755556084264], [75.84492160766652, 26.77727239358372], [75.84446524328267, 26.777232094843125], [75.84451088203332, 26.77671525734367]]]}}, {"type": "Feature", "properties": {"id": "roof-049", "parcelId": "JP-04-01", "company": "Sitapura Industrial Prospect 049", "segment": "C&I", "pincode": "302022", "area": 2502, "usableArea": 1757, "height": 18.2, "orientation": 170, "ghi": 5.15, "shade": 20.3, "weatherVar": 12.2, "performance": 0.745, "kw": 185.0, "generation": 258828, "tariff": 10.29, "capex": 8139096, "opex": 97669, "annualSavings": 2662470, "payback": 3.2, "propensity": 98, "credit": 80, "sanctionedLoad": 307, "ownership": "Owned", "partner": "SunGrid EPC - Jaipur", "sla": "2h", "status": "new"}, "geometry": {"type": "Polygon", "coordinates": [[[75.82568132425995, 26.777894736242946], [75.82611503816408, 26.777852885017797], [75.82616488298835, 26.778369438434243], [75.82573116908422, 26.77841128965939], [75.82568132425995, 26.777894736242946]]]}}, {"type": "Feature", "properties": {"id": "roof-050", "parcelId": "JP-04-02", "company": "Sitapura Industrial Prospect 050", "segment": "C&I", "pincode": "302022", "area": 3846, "usableArea": 2130, "height": 6.1, "orientation": 90, "ghi": 5.16, "shade": 16.4, "weatherVar": 11.9, "performance": 0.754, "kw": 224.2, "generation": 318177, "tariff": 10.25, "capex": 9865750, "opex": 118389, "annualSavings": 3260072, "payback": 3.1, "propensity": 98, "credit": 71, "sanctionedLoad": 414, "ownership": "Rented", "partner": "SunGrid EPC - Jaipur", "sla": "2h", "status": "new"}, "geometry": {"type": "Polygon", "coordinates": [[[75.82695337504803, 26.77775716015525], [75.82744315109211, 26.777742185607686], [75.82746483298065, 26.77845134022812], [75.82697505693658, 26.778466314775685], [75.82695337504803, 26.77775716015525]]]}}, {"type": "Feature", "properties": {"id": "roof-051", "parcelId": "JP-04-03", "company": "Sitapura Industrial Prospect 051", "segment": "C&I", "pincode": "302022", "area": 2144, "usableArea": 1241, "height": 12.3, "orientation": 170, "ghi": 5.39, "shade": 15.3, "weatherVar": 14.7, "performance": 0.75, "kw": 130.7, "generation": 192563, "tariff": 7.87, "capex": 5748797, "opex": 68986, "annualSavings": 1516147, "payback": 4.0, "propensity": 98, "credit": 68, "sanctionedLoad": 219, "ownership": "Owned", "partner": "SunGrid EPC - Jaipur", "sla": "2h", "status": "contacted"}, "geometry": {"type": "Polygon", "coordinates": [[[75.82826994023128, 26.77777590131283], [75.82866181047767, 26.777755056278313], [75.8286880483688, 26.7782483079854], [75.82829617812241, 26.778269153019917], [75.82826994023128, 26.77777590131283]]]}}, {"type": "Feature", "properties": {"id": "roof-052", "parcelId": "JP-04-04", "company": "Sitapura Industrial Prospect 052", "segment": "C&I", "pincode": "302022", "area": 1842, "usableArea": 1061, "height": 12.0, "orientation": 10, "ghi": 4.98, "shade": 17.4, "weatherVar": 16.3, "performance": 0.741, "kw": 111.7, "generation": 150449, "tariff": 9.39, "capex": 4912765, "opex": 58953, "annualSavings": 1412602, "payback": 3.6, "propensity": 98, "credit": 58, "sanctionedLoad": 182, "ownership": "Owned", "partner": "SunGrid EPC - Jaipur", "sla": "2h", "status": "new"}, "geometry": {"type": "Polygon", "coordinates": [[[75.82949268270647, 26.77789048277469], [75.83000785012821, 26.77792094751516], [75.82998880743799, 26.77824296482017], [75.82947364001625, 26.7782125000797], [75.82949268270647, 26.77789048277469]]]}}, {"type": "Feature", "properties": {"id": "roof-053", "parcelId": "JP-04-05", "company": "Sitapura Industrial Prospect 053", "segment": "C&I", "pincode": "302022", "area": 3721, "usableArea": 2406, "height": 15.8, "orientation": 10, "ghi": 5.01, "shade": 15.0, "weatherVar": 7.1, "performance": 0.769, "kw": 253.2, "generation": 355912, "tariff": 8.64, "capex": 11141380, "opex": 133697, "annualSavings": 3076493, "payback": 3.8, "propensity": 98, "credit": 56, "sanctionedLoad": 384, "ownership": "Owned", "partner": "SunGrid EPC - Jaipur", "sla": "2h", "status": "new"}, "geometry": {"type": "Polygon", "coordinates": [[[75.83063929811452, 26.777824669274736], [75.83128754392541, 26.777852454984316], [75.83126534715812, 26.77837030972428], [75.83061710134723, 26.7783425240147], [75.83063929811452, 26.777824669274736]]]}}, {"type": "Feature", "properties": {"id": "roof-054", "parcelId": "JP-04-06", "company": "Sitapura Industrial Prospect 054", "segment": "C&I", "pincode": "302022", "area": 1499, "usableArea": 787, "height": 6.4, "orientation": 90, "ghi": 5.04, "shade": 11.1, "weatherVar": 14.7, "performance": 0.759, "kw": 82.8, "generation": 115573, "tariff": 8.61, "capex": 3645152, "opex": 43742, "annualSavings": 995160, "payback": 3.8, "propensity": 98, "credit": 74, "sanctionedLoad": 145, "ownership": "Owned", "partner": "SunGrid EPC - Jaipur", "sla": "2h", "status": "new"}, "geometry": {"type": "Polygon", "coordinates": [[[75.83202264043872, 26.77790300994556], [75.83237789616398, 26.777863828285863], [75.8324194682397, 26.77824075764591], [75.83206421251445, 26.77827993930561], [75.83202264043872, 26.77790300994556]]]}}, {"type": "Feature", "properties": {"id": "roof-055", "parcelId": "JP-04-07", "company": "Sitapura Industrial Prospect 055", "segment": "C&I", "pincode": "302022", "area": 2974, "usableArea": 2149, "height": 6.0, "orientation": 0, "ghi": 5.13, "shade": 6.9, "weatherVar": 16.3, "performance": 0.764, "kw": 226.2, "generation": 323482, "tariff": 8.78, "capex": 9953166, "opex": 119438, "annualSavings": 2841170, "payback": 3.7, "propensity": 98, "credit": 68, "sanctionedLoad": 336, "ownership": "Rented", "partner": "SunGrid EPC - Jaipur", "sla": "2h", "status": "new"}, "geometry": {"type": "Polygon", "coordinates": [[[75.83330653594994, 26.777894572561028], [75.8338390752511, 26.777858933782507], [75.8338727070764, 26.778361483798985], [75.83334016777523, 26.778397122577505], [75.83330653594994, 26.777894572561028]]]}}, {"type": "Feature", "properties": {"id": "roof-056", "parcelId": "JP-04-08", "company": "Sitapura Industrial Prospect 056", "segment": "C&I", "pincode": "302022", "area": 2537, "usableArea": 1901, "height": 16.1, "orientation": 90, "ghi": 4.94, "shade": 22.4, "weatherVar": 10.8, "performance": 0.744, "kw": 200.1, "generation": 268343, "tariff": 9.03, "capex": 8803423, "opex": 105641, "annualSavings": 2423496, "payback": 3.8, "propensity": 98, "credit": 69, "sanctionedLoad": 369, "ownership": "Owned", "partner": "SunGrid EPC - Jaipur", "sla": "2h", "status": "contacted"}, "geometry": {"type": "Polygon", "coordinates": [[[75.8345226222675, 26.777774391078676], [75.83491844244476, 26.77779160903483], [75.83489329277434, 26.778369769817477], [75.83449747259708, 26.778352551861325], [75.8345226222675, 26.777774391078676]]]}}, {"type": "Feature", "properties": {"id": "roof-057", "parcelId": "JP-04-09", "company": "Sitapura Industrial Prospect 057", "segment": "C&I", "pincode": "302022", "area": 1081, "usableArea": 725, "height": 18.2, "orientation": 0, "ghi": 5.05, "shade": 19.2, "weatherVar": 14.8, "performance": 0.741, "kw": 76.4, "generation": 104345, "tariff": 8.7, "capex": 3359562, "opex": 40315, "annualSavings": 907834, "payback": 3.9, "propensity": 98, "credit": 57, "sanctionedLoad": 125, "ownership": "Rented", "partner": "SunGrid EPC - Jaipur", "sla": "2h", "status": "new"}, "geometry": {"type": "Polygon", "coordinates": [[[75.83563944682093, 26.777986625767657], [75.83608714011024, 26.7779742106458], [75.83609318907033, 26.778192338092797], [75.83564549578102, 26.778204753214652], [75.83563944682093, 26.777986625767657]]]}}, {"type": "Feature", "properties": {"id": "roof-058", "parcelId": "JP-04-10", "company": "Sitapura Industrial Prospect 058", "segment": "C&I", "pincode": "302022", "area": 3317, "usableArea": 1969, "height": 12.3, "orientation": 135, "ghi": 5.19, "shade": 18.8, "weatherVar": 14.8, "performance": 0.742, "kw": 207.2, "generation": 291084, "tariff": 7.98, "capex": 9118216, "opex": 109419, "annualSavings": 2324177, "payback": 4.1, "propensity": 98, "credit": 65, "sanctionedLoad": 325, "ownership": "Owned", "partner": "SunGrid EPC - Jaipur", "sla": "2h", "status": "new"}, "geometry": {"type": "Polygon", "coordinates": [[[75.83690930427484, 26.77788556881909], [75.83753322083622, 26.777866523766168], [75.83754787518471, 26.778346600706005], [75.83692395862333, 26.778365645758928], [75.83690930427484, 26.77788556881909]]]}}, {"type": "Feature", "properties": {"id": "roof-059", "parcelId": "JP-04-11", "company": "Sitapura Industrial Prospect 059", "segment": "C&I", "pincode": "302022", "area": 2294, "usableArea": 1753, "height": 10.1, "orientation": 135, "ghi": 5.36, "shade": 19.3, "weatherVar": 15.0, "performance": 0.74, "kw": 184.5, "generation": 267227, "tariff": 10.12, "capex": 8117681, "opex": 97412, "annualSavings": 2704628, "payback": 3.1, "propensity": 98, "credit": 76, "sanctionedLoad": 319, "ownership": "Owned", "partner": "SunGrid EPC - Jaipur", "sla": "2h", "status": "new"}, "geometry": {"type": "Polygon", "coordinates": [[[75.8382937873131, 26.77793403452396], [75.83890746198743, 26.777948034806855], [75.83889975593807, 26.778285814219302], [75.83828608126375, 26.778271813936406], [75.8382937873131, 26.77793403452396]]]}}, {"type": "Feature", "properties": {"id": "roof-060", "parcelId": "JP-04-12", "company": "Sitapura Industrial Prospect 060", "segment": "C&I", "pincode": "302022", "area": 2160, "usableArea": 1180, "height": 18.0, "orientation": 135, "ghi": 5.45, "shade": 3.8, "weatherVar": 11.0, "performance": 0.784, "kw": 124.2, "generation": 193603, "tariff": 9.95, "capex": 5465837, "opex": 65590, "annualSavings": 1925506, "payback": 2.9, "propensity": 98, "credit": 68, "sanctionedLoad": 200, "ownership": "Owned", "partner": "SunGrid EPC - Jaipur", "sla": "2h", "status": "new"}, "geometry": {"type": "Polygon", "coordinates": [[[75.83942982195362, 26.777817810793085], [75.83994139218885, 26.777860195211492], [75.83990998395021, 26.778239285467738], [75.83939841371497, 26.77819690104933], [75.83942982195362, 26.777817810793085]]]}}, {"type": "Feature", "properties": {"id": "roof-061", "parcelId": "JP-04-13", "company": "Sitapura Industrial Prospect 061", "segment": "C&I", "pincode": "302022", "area": 2024, "usableArea": 1334, "height": 10.5, "orientation": 170, "ghi": 5.07, "shade": 19.7, "weatherVar": 11.4, "performance": 0.748, "kw": 140.4, "generation": 194441, "tariff": 10.45, "capex": 6177132, "opex": 74126, "annualSavings": 2032288, "payback": 3.2, "propensity": 98, "credit": 72, "sanctionedLoad": 234, "ownership": "Owned", "partner": "SunGrid EPC - Jaipur", "sla": "2h", "status": "contacted"}, "geometry": {"type": "Polygon", "coordinates": [[[75.84081026123565, 26.777954223082546], [75.84121425873215, 26.77794927092052], [75.84121980969306, 26.778402118442912], [75.84081581219655, 26.77840707060494], [75.84081026123565, 26.777954223082546]]]}}, {"type": "Feature", "properties": {"id": "roof-062", "parcelId": "JP-04-14", "company": "Sitapura Industrial Prospect 062", "segment": "C&I", "pincode": "302022", "area": 3598, "usableArea": 2667, "height": 9.6, "orientation": 10, "ghi": 4.9, "shade": 21.1, "weatherVar": 8.8, "performance": 0.752, "kw": 280.8, "generation": 377096, "tariff": 9.02, "capex": 12353793, "opex": 148246, "annualSavings": 3403263, "payback": 3.8, "propensity": 98, "credit": 60, "sanctionedLoad": 441, "ownership": "Owned", "partner": "SunGrid EPC - Jaipur", "sla": "2h", "status": "new"}, "geometry": {"type": "Polygon", "coordinates": [[[75.8420544904572, 26.777755561796173], [75.84265678927936, 26.77780567629052], [75.84261216839036, 26.778341950461023], [75.8420098695682, 26.778291835966677], [75.8420544904572, 26.777755561796173]]]}}, {"type": "Feature", "properties": {"id": "roof-063", "parcelId": "JP-04-15", "company": "Sitapura Industrial Prospect 063", "segment": "C&I", "pincode": "302022", "area": 1582, "usableArea": 879, "height": 10.4, "orientation": 45, "ghi": 5.28, "shade": 5.8, "weatherVar": 15.5, "performance": 0.769, "kw": 92.6, "generation": 137032, "tariff": 9.06, "capex": 4073094, "opex": 48877, "annualSavings": 1240977, "payback": 3.4, "propensity": 98, "credit": 57, "sanctionedLoad": 167, "ownership": "Owned", "partner": "SunGrid EPC - Jaipur", "sla": "2h", "status": "new"}, "geometry": {"type": "Polygon", "coordinates": [[[75.84325874143131, 26.777877197939414], [75.84372807868532, 26.777910072936642], [75.8437068371846, 26.778213325513246], [75.8432374999306, 26.778180450516018], [75.84325874143131, 26.777877197939414]]]}}, {"type": "Feature", "properties": {"id": "roof-064", "parcelId": "JP-04-16", "company": "Sitapura Industrial Prospect 064", "segment": "C&I", "pincode": "302022", "area": 1990, "usableArea": 1503, "height": 14.0, "orientation": 135, "ghi": 5.11, "shade": 7.8, "weatherVar": 8.7, "performance": 0.781, "kw": 158.2, "generation": 230663, "tariff": 9.0, "capex": 6962550, "opex": 83551, "annualSavings": 2076395, "payback": 3.5, "propensity": 98, "credit": 60, "sanctionedLoad": 272, "ownership": "Owned", "partner": "SunGrid EPC - Jaipur", "sla": "2h", "status": "new"}, "geometry": {"type": "Polygon", "coordinates": [[[75.84454323136968, 26.777965419555198], [75.84509315729527, 26.777913909864612], [75.84512353147637, 26.778238189616], [75.84457360555079, 26.778289699306587], [75.84454323136968, 26.777965419555198]]]}}, {"type": "Feature", "properties": {"id": "roof-065", "parcelId": "JP-05-01", "company": "Sitapura Industrial Prospect 065", "segment": "C&I", "pincode": "302022", "area": 2043, "usableArea": 1197, "height": 5.9, "orientation": 0, "ghi": 4.96, "shade": 17.7, "weatherVar": 14.5, "performance": 0.745, "kw": 126.0, "generation": 169882, "tariff": 9.96, "capex": 5543141, "opex": 66518, "annualSavings": 1692059, "payback": 3.4, "propensity": 98, "credit": 67, "sanctionedLoad": 190, "ownership": "Owned", "partner": "SunGrid EPC - Jaipur", "sla": "2h", "status": "new"}, "geometry": {"type": "Polygon", "coordinates": [[[75.82591475586557, 26.778935012685803], [75.82628468499162, 26.778977911567434], [75.82622757679653, 26.779470371601402], [75.82585764767047, 26.77942747271977], [75.82591475586557, 26.778935012685803]]]}}, {"type": "Feature", "properties": {"id": "roof-066", "parcelId": "JP-05-02", "company": "Sitapura Industrial Prospect 066", "segment": "C&I", "pincode": "302022", "area": 4020, "usableArea": 2136, "height": 8.4, "orientation": 20, "ghi": 5.49, "shade": 13.3, "weatherVar": 18.9, "performance": 0.744, "kw": 224.9, "generation": 335036, "tariff": 9.32, "capex": 9893886, "opex": 118727, "annualSavings": 3122702, "payback": 3.3, "propensity": 98, "credit": 73, "sanctionedLoad": 339, "ownership": "Owned", "partner": "SunGrid EPC - Jaipur", "sla": "2h", "status": "contacted"}, "geometry": {"type": "Polygon", "coordinates": [[[75.82687841501372, 26.77905346026273], [75.827580374538, 26.779018632938904], [75.82760599443482, 26.77953501285593], [75.82690403491054, 26.779569840179757], [75.82687841501372, 26.77905346026273]]]}}, {"type": "Feature", "properties": {"id": "roof-067", "parcelId": "JP-05-03", "company": "Sitapura Industrial Prospect 067", "segment": "C&I", "pincode": "302022", "area": 1193, "usableArea": 774, "height": 18.0, "orientation": 170, "ghi": 4.72, "shade": 11.5, "weatherVar": 12.2, "performance": 0.764, "kw": 81.5, "generation": 107443, "tariff": 10.59, "capex": 3586987, "opex": 43044, "annualSavings": 1137421, "payback": 3.3, "propensity": 98, "credit": 69, "sanctionedLoad": 136, "ownership": "Owned", "partner": "SunGrid EPC - Jaipur", "sla": "2h", "status": "new"}, "geometry": {"type": "Polygon", "coordinates": [[[75.82833651013108, 26.779229171302024], [75.82874403058715, 26.779228799958837], [75.82874427164343, 26.779493340603015], [75.82833675118736, 26.779493711946202], [75.82833651013108, 26.779229171302024]]]}}, {"type": "Feature", "properties": {"id": "roof-068", "parcelId": "JP-05-04", "company": "Sitapura Industrial Prospect 068", "segment": "C&I", "pincode": "302022", "area": 1727, "usableArea": 1253, "height": 5.6, "orientation": 135, "ghi": 5.02, "shade": 13.3, "weatherVar": 16.0, "performance": 0.751, "kw": 131.9, "generation": 181353, "tariff": 8.25, "capex": 5805258, "opex": 69663, "annualSavings": 1495789, "payback": 4.1, "propensity": 98, "credit": 70, "sanctionedLoad": 264, "ownership": "Owned", "partner": "SunGrid EPC - Jaipur", "sla": "2h", "status": "new"}, "geometry": {"type": "Polygon", "coordinates": [[[75.8294848284812, 26.779059394545666], [75.83004395525946, 26.779078116984802], [75.8300346170373, 26.779356993579267], [75.82947549025904, 26.77933827114013], [75.8294848284812, 26.779059394545666]]]}}, {"type": "Feature", "properties": {"id": "roof-069", "parcelId": "JP-05-05", "company": "Sitapura Industrial Prospect 069", "segment": "C&I", "pincode": "302022", "area": 2777, "usableArea": 1544, "height": 9.9, "orientation": 135, "ghi": 4.9, "shade": 22.2, "weatherVar": 7.3, "performance": 0.753, "kw": 162.5, "generation": 218826, "tariff": 8.32, "capex": 7149512, "opex": 85794, "annualSavings": 1820839, "payback": 4.1, "propensity": 98, "credit": 72, "sanctionedLoad": 247, "ownership": "Owned", "partner": "SunGrid EPC - Jaipur", "sla": "2h", "status": "new"}, "geometry": {"type": "Polygon", "coordinates": [[[75.83061972517773, 26.77900266174369], [75.83121173562373, 26.778942337068074], [75.83125450198644, 26.779362034865052], [75.83066249154044, 26.779422359540668], [75.83061972517773, 26.77900266174369]]]}}, {"type": "Feature", "properties": {"id": "roof-070", "parcelId": "JP-05-06", "company": "Sitapura Industrial Prospect 070", "segment": "C&I", "pincode": "302022", "area": 4262, "usableArea": 3114, "height": 18.5, "orientation": 135, "ghi": 4.96, "shade": 4.3, "weatherVar": 13.5, "performance": 0.777, "kw": 327.8, "generation": 461231, "tariff": 10.3, "capex": 14423321, "opex": 173080, "annualSavings": 4748711, "payback": 3.2, "propensity": 98, "credit": 77, "sanctionedLoad": 555, "ownership": "Owned", "partner": "SunGrid EPC - Jaipur", "sla": "2h", "status": "new"}, "geometry": {"type": "Polygon", "coordinates": [[[75.83187316872097, 26.77897330010433], [75.83250303998587, 26.779048829740276], [75.83243074385165, 26.779651735565675], [75.83180087258675, 26.77957620592973], [75.83187316872097, 26.77897330010433]]]}}, {"type": "Feature", "properties": {"id": "roof-071", "parcelId": "JP-05-07", "company": "Sitapura Industrial Prospect 071", "segment": "C&I", "pincode": "302022", "area": 1407, "usableArea": 956, "height": 5.6, "orientation": 45, "ghi": 5.55, "shade": 17.4, "weatherVar": 13.3, "performance": 0.748, "kw": 100.6, "generation": 152500, "tariff": 9.95, "capex": 4425610, "opex": 53107, "annualSavings": 1517930, "payback": 3.0, "propensity": 98, "credit": 61, "sanctionedLoad": 253, "ownership": "Owned", "partner": "SunGrid EPC - Jaipur", "sla": "2h", "status": "contacted"}, "geometry": {"type": "Polygon", "coordinates": [[[75.83329707463928, 26.779165803506636], [75.83366802812115, 26.779170401808532], [75.83366377877213, 26.779513204619548], [75.83329282529026, 26.779508606317652], [75.83329707463928, 26.779165803506636]]]}}, {"type": "Feature", "properties": {"id": "roof-072", "parcelId": "JP-05-08", "company": "Sitapura Industrial Prospect 072", "segment": "C&I", "pincode": "302022", "area": 2476, "usableArea": 1367, "height": 7.8, "orientation": 10, "ghi": 4.94, "shade": 17.2, "weatherVar": 11.2, "performance": 0.754, "kw": 143.9, "generation": 195756, "tariff": 10.43, "capex": 6332350, "opex": 75988, "annualSavings": 2042626, "payback": 3.2, "propensity": 98, "credit": 81, "sanctionedLoad": 236, "ownership": "Owned", "partner": "SunGrid EPC - Jaipur", "sla": "2h", "status": "new"}, "geometry": {"type": "Polygon", "coordinates": [[[75.83453831490138, 26.779044557264747], [75.83493855452811, 26.77900168851823], [75.8349977578273, 26.779554434009725], [75.83459751820057, 26.779597302756244], [75.83453831490138, 26.779044557264747]]]}}, {"type": "Feature", "properties": {"id": "roof-073", "parcelId": "JP-05-09", "company": "Sitapura Industrial Prospect 073", "segment": "C&I", "pincode": "302022", "area": 2939, "usableArea": 2172, "height": 13.5, "orientation": 170, "ghi": 4.68, "shade": 3.9, "weatherVar": 14.7, "performance": 0.775, "kw": 228.6, "generation": 302265, "tariff": 9.41, "capex": 10060219, "opex": 120723, "annualSavings": 2845813, "payback": 3.7, "propensity": 98, "credit": 74, "sanctionedLoad": 367, "ownership": "Owned", "partner": "SunGrid EPC - Jaipur", "sla": "2h", "status": "new"}, "geometry": {"type": "Polygon", "coordinates": [[[75.83572244158077, 26.779016903959665], [75.83622182519956, 26.7790295077504], [75.83620840743316, 26.779561142468445], [75.83570902381437, 26.77954853867771], [75.83572244158077, 26.779016903959665]]]}}, {"type": "Feature", "properties": {"id": "roof-074", "parcelId": "JP-05-10", "company": "Sitapura Industrial Prospect 074", "segment": "C&I", "pincode": "302022", "area": 3573, "usableArea": 2308, "height": 7.8, "orientation": 10, "ghi": 4.93, "shade": 17.4, "weatherVar": 15.8, "performance": 0.742, "kw": 242.9, "generation": 324551, "tariff": 10.21, "capex": 10688586, "opex": 128263, "annualSavings": 3313728, "payback": 3.4, "propensity": 98, "credit": 64, "sanctionedLoad": 382, "ownership": "Owned", "partner": "SunGrid EPC - Jaipur", "sla": "2h", "status": "new"}, "geometry": {"type": "Polygon", "coordinates": [[[75.83695999746746, 26.778851036791067], [75.83743417557241, 26.77884416324979], [75.83744404638398, 26.779525111037394], [75.83696986827903, 26.77953198457867], [75.83695999746746, 26.778851036791067]]]}}, {"type": "Feature", "properties": {"id": "roof-075", "parcelId": "JP-05-11", "company": "Sitapura Industrial Prospect 075", "segment": "C&I", "pincode": "302022", "area": 1644, "usableArea": 995, "height": 14.2, "orientation": 10, "ghi": 5.34, "shade": 13.0, "weatherVar": 13.2, "performance": 0.759, "kw": 104.7, "generation": 154689, "tariff": 9.2, "capex": 4606399, "opex": 55277, "annualSavings": 1422599, "payback": 3.4, "propensity": 98, "credit": 56, "sanctionedLoad": 256, "ownership": "Owned", "partner": "SunGrid EPC - Jaipur", "sla": "2h", "status": "new"}, "geometry": {"type": "Polygon", "coordinates": [[[75.838230242628, 26.779113448760604], [75.83864967567894, 26.77907911642049], [75.83867847508317, 26.779430954423518], [75.83825904203223, 26.77946528676363], [75.838230242628, 26.779113448760604]]]}}, {"type": "Feature", "properties": {"id": "roof-076", "parcelId": "JP-05-12", "company": "Sitapura Industrial Prospect 076", "segment": "C&I", "pincode": "302022", "area": 1548, "usableArea": 1160, "height": 15.9, "orientation": 45, "ghi": 4.98, "shade": 11.0, "weatherVar": 13.8, "performance": 0.761, "kw": 122.1, "generation": 168896, "tariff": 8.35, "capex": 5371886, "opex": 64463, "annualSavings": 1409440, "payback": 4.0, "propensity": 98, "credit": 53, "sanctionedLoad": 233, "ownership": "Owned", "partner": "SunGrid EPC - Jaipur", "sla": "2h", "status": "contacted"}, "geometry": {"type": "Polygon", "coordinates": [[[75.83947024881613, 26.779230066435094], [75.83994545938887, 26.779222187988363], [75.83995033843885, 26.779516481548992], [75.83947512786611, 26.779524359995722], [75.83947024881613, 26.779230066435094]]]}}, {"type": "Feature", "properties": {"id": "roof-077", "parcelId": "JP-05-13", "company": "Sitapura Industrial Prospect 077", "segment": "C&I", "pincode": "302022", "area": 2350, "usableArea": 1533, "height": 13.5, "orientation": 0, "ghi": 4.77, "shade": 9.7, "weatherVar": 12.7, "performance": 0.767, "kw": 161.4, "generation": 215668, "tariff": 9.08, "capex": 7100828, "opex": 85210, "annualSavings": 1958171, "payback": 3.8, "propensity": 98, "credit": 67, "sanctionedLoad": 267, "ownership": "Owned", "partner": "SunGrid EPC - Jaipur", "sla": "2h", "status": "new"}, "geometry": {"type": "Polygon", "coordinates": [[[75.84082468720061, 26.779103407252435], [75.84144774604707, 26.779058327721906], [75.841472285365, 26.77939749361264], [75.84084922651854, 26.77944257314317], [75.84082468720061, 26.779103407252435]]]}}, {"type": "Feature", "properties": {"id": "roof-078", "parcelId": "JP-05-14", "company": "Sitapura Industrial Prospect 078", "segment": "C&I", "pincode": "302022", "area": 2379, "usableArea": 1654, "height": 12.1, "orientation": 170, "ghi": 5.46, "shade": 20.4, "weatherVar": 14.6, "performance": 0.739, "kw": 174.1, "generation": 256197, "tariff": 9.47, "capex": 7659337, "opex": 91912, "annualSavings": 2426532, "payback": 3.3, "propensity": 98, "credit": 72, "sanctionedLoad": 352, "ownership": "Owned", "partner": "SunGrid EPC - Jaipur", "sla": "2h", "status": "new"}, "geometry": {"type": "Polygon", "coordinates": [[[75.84199266834372, 26.77906948147506], [75.84258887482794, 26.77905063858249], [75.842600261673, 26.77941092885293], [75.84200405518878, 26.779429771745498], [75.84199266834372, 26.77906948147506]]]}}, {"type": "Feature", "properties": {"id": "roof-079", "parcelId": "JP-05-15", "company": "Sitapura Industrial Prospect 079", "segment": "C&I", "pincode": "302022", "area": 2294, "usableArea": 1307, "height": 11.8, "orientation": 10, "ghi": 5.02, "shade": 7.1, "weatherVar": 13.0, "performance": 0.772, "kw": 137.6, "generation": 194632, "tariff": 9.51, "capex": 6053132, "opex": 72638, "annualSavings": 1851368, "payback": 3.4, "propensity": 98, "credit": 76, "sanctionedLoad": 277, "ownership": "Owned", "partner": "SunGrid EPC - Jaipur", "sla": "2h", "status": "new"}, "geometry": {"type": "Polygon", "coordinates": [[[75.84315912600854, 26.77898801127836], [75.8436357205076, 26.779010965120765], [75.84361481054353, 26.77944512222972], [75.84313821604447, 26.779422168387317], [75.84315912600854, 26.77898801127836]]]}}, {"type": "Feature", "properties": {"id": "roof-080", "parcelId": "JP-05-16", "company": "Sitapura Industrial Prospect 080", "segment": "C&I", "pincode": "302022", "area": 3661, "usableArea": 2552, "height": 18.2, "orientation": 90, "ghi": 5.09, "shade": 22.1, "weatherVar": 10.3, "performance": 0.745, "kw": 268.6, "generation": 371680, "tariff": 8.64, "capex": 11818982, "opex": 141828, "annualSavings": 3209757, "payback": 3.9, "propensity": 98, "credit": 75, "sanctionedLoad": 459, "ownership": "Owned", "partner": "SunGrid EPC - Jaipur", "sla": "2h", "status": "new"}, "geometry": {"type": "Polygon", "coordinates": [[[75.84442637268404, 26.77901821667836], [75.84514816504043, 26.779082071316964], [75.84510791851343, 26.77953700515077], [75.84438612615705, 26.779473150512167], [75.84442637268404, 26.77901821667836]]]}}, {"type": "Feature", "properties": {"id": "roof-081", "parcelId": "JP-06-01", "company": "Sitapura Industrial Prospect 081", "segment": "C&I", "pincode": "302022", "area": 2739, "usableArea": 1670, "height": 18.3, "orientation": 20, "ghi": 4.69, "shade": 22.1, "weatherVar": 7.9, "performance": 0.751, "kw": 175.8, "generation": 226051, "tariff": 10.39, "capex": 7735074, "opex": 92821, "annualSavings": 2348038, "payback": 3.4, "propensity": 98, "credit": 78, "sanctionedLoad": 275, "ownership": "Owned", "partner": "SunGrid EPC - Jaipur", "sla": "2h", "status": "contacted"}, "geometry": {"type": "Polygon", "coordinates": [[[75.82574329193216, 26.78025044282568], [75.82625476265345, 26.78023749360537], [75.8262670101339, 26.780721246875242], [75.82575553941261, 26.78073419609555], [75.82574329193216, 26.78025044282568]]]}}, {"type": "Feature", "properties": {"id": "roof-082", "parcelId": "JP-06-02", "company": "Sitapura Industrial Prospect 082", "segment": "C&I", "pincode": "302022", "area": 1086, "usableArea": 658, "height": 11.6, "orientation": 170, "ghi": 4.77, "shade": 22.3, "weatherVar": 18.7, "performance": 0.724, "kw": 69.2, "generation": 87366, "tariff": 8.24, "capex": 3046729, "opex": 36561, "annualSavings": 720094, "payback": 4.5, "propensity": 98, "credit": 71, "sanctionedLoad": 158, "ownership": "Owned", "partner": "SunGrid EPC - Jaipur", "sla": "2h", "status": "new"}, "geometry": {"type": "Polygon", "coordinates": [[[75.827013638052, 26.780216382056544], [75.8273938040417, 26.780179791820323], [75.8274184226411, 26.780435574651236], [75.82703825665139, 26.780472164887456], [75.827013638052, 26.780216382056544]]]}}, {"type": "Feature", "properties": {"id": "roof-083", "parcelId": "JP-06-03", "company": "Sitapura Industrial Prospect 083", "segment": "C&I", "pincode": "302022", "area": 1183, "usableArea": 743, "height": 17.7, "orientation": 0, "ghi": 5.55, "shade": 10.9, "weatherVar": 12.9, "performance": 0.764, "kw": 78.3, "generation": 120993, "tariff": 10.42, "capex": 3443308, "opex": 41320, "annualSavings": 1261047, "payback": 2.8, "propensity": 98, "credit": 82, "sanctionedLoad": 213, "ownership": "Rented", "partner": "SunGrid EPC - Jaipur", "sla": "2h", "status": "new"}, "geometry": {"type": "Polygon", "coordinates": [[[75.82833082733283, 26.780225969316003], [75.82873947776429, 26.780267447100396], [75.82871319767169, 26.78052636573204], [75.82830454724024, 26.780484887947647], [75.82833082733283, 26.780225969316003]]]}}, {"type": "Feature", "properties": {"id": "roof-084", "parcelId": "JP-06-04", "company": "Sitapura Industrial Prospect 084", "segment": "C&I", "pincode": "302022", "area": 2361, "usableArea": 1297, "height": 8.2, "orientation": 135, "ghi": 4.88, "shade": 6.7, "weatherVar": 15.8, "performance": 0.766, "kw": 136.5, "generation": 186192, "tariff": 10.01, "capex": 6005610, "opex": 72067, "annualSavings": 1864554, "payback": 3.4, "propensity": 98, "credit": 77, "sanctionedLoad": 218, "ownership": "Owned", "partner": "SunGrid EPC - Jaipur", "sla": "2h", "status": "new"}, "geometry": {"type": "Polygon", "coordinates": [[[75.82940146229308, 26.780269995205078], [75.83006146361649, 26.780221248080696], [75.83008521304433, 26.78054279840821], [75.82942521172092, 26.78059154553259], [75.82940146229308, 26.780269995205078]]]}}, {"type": "Feature", "properties": {"id": "roof-085", "parcelId": "JP-06-05", "company": "Sitapura Industrial Prospect 085", "segment": "C&I", "pincode": "302022", "area": 2044, "usableArea": 1463, "height": 9.8, "orientation": 135, "ghi": 5.17, "shade": 8.2, "weatherVar": 11.3, "performance": 0.774, "kw": 154.0, "generation": 224649, "tariff": 8.46, "capex": 6776804, "opex": 81322, "annualSavings": 1900900, "payback": 3.7, "propensity": 98, "credit": 63, "sanctionedLoad": 240, "ownership": "Owned", "partner": "SunGrid EPC - Jaipur", "sla": "2h", "status": "new"}, "geometry": {"type": "Polygon", "coordinates": [[[75.8307217195759, 26.780283459683424], [75.83128139821955, 26.78024788634929], [75.83130229223497, 26.78057661387792], [75.83074261359133, 26.780612187212053], [75.8307217195759, 26.780283459683424]]]}}, {"type": "Feature", "properties": {"id": "roof-086", "parcelId": "JP-06-06", "company": "Sitapura Industrial Prospect 086", "segment": "C&I", "pincode": "302022", "area": 4383, "usableArea": 3406, "height": 9.9, "orientation": 90, "ghi": 5.47, "shade": 18.1, "weatherVar": 16.6, "performance": 0.739, "kw": 358.5, "generation": 528794, "tariff": 10.11, "capex": 15775318, "opex": 189304, "annualSavings": 5347000, "payback": 3.1, "propensity": 98, "credit": 76, "sanctionedLoad": 562, "ownership": "Owned", "partner": "SunGrid EPC - Jaipur", "sla": "2h", "status": "contacted"}, "geometry": {"type": "Polygon", "coordinates": [[[75.83204357540845, 26.780175718436006], [75.83272055341313, 26.780168403323735], [75.83272687641582, 26.78075356642038], [75.83204989841114, 26.78076088153265], [75.83204357540845, 26.780175718436006]]]}}, {"type": "Feature", "properties": {"id": "roof-087", "parcelId": "JP-06-07", "company": "Sitapura Industrial Prospect 087", "segment": "C&I", "pincode": "302022", "area": 3877, "usableArea": 2461, "height": 15.7, "orientation": 90, "ghi": 5.09, "shade": 21.0, "weatherVar": 12.3, "performance": 0.743, "kw": 259.1, "generation": 357628, "tariff": 7.96, "capex": 11399838, "opex": 136798, "annualSavings": 2845211, "payback": 4.2, "propensity": 98, "credit": 59, "sanctionedLoad": 424, "ownership": "Owned", "partner": "SunGrid EPC - Jaipur", "sla": "2h", "status": "new"}, "geometry": {"type": "Polygon", "coordinates": [[[75.83328193273613, 26.77999710467602], [75.83379647695742, 26.780040986293763], [75.83373881391424, 26.780717127857805], [75.83322426969295, 26.780673246240063], [75.83328193273613, 26.77999710467602]]]}}, {"type": "Feature", "properties": {"id": "roof-088", "parcelId": "JP-06-08", "company": "Sitapura Industrial Prospect 088", "segment": "C&I", "pincode": "302022", "area": 1478, "usableArea": 1112, "height": 11.5, "orientation": 45, "ghi": 4.81, "shade": 5.7, "weatherVar": 14.7, "performance": 0.771, "kw": 117.1, "generation": 158509, "tariff": 9.84, "capex": 5152383, "opex": 61829, "annualSavings": 1560052, "payback": 3.4, "propensity": 98, "credit": 67, "sanctionedLoad": 267, "ownership": "Owned", "partner": "SunGrid EPC - Jaipur", "sla": "2h", "status": "new"}, "geometry": {"type": "Polygon", "coordinates": [[[75.8345575004597, 26.780261640018395], [75.83490494698748, 26.780224834227234], [75.83494523696179, 26.78060517143065], [75.834597790434, 26.780641977221812], [75.8345575004597, 26.780261640018395]]]}}, {"type": "Feature", "properties": {"id": "roof-089", "parcelId": "JP-06-09", "company": "Sitapura Industrial Prospect 089", "segment": "C&I", "pincode": "302022", "area": 3259, "usableArea": 2524, "height": 17.5, "orientation": 0, "ghi": 5.53, "shade": 12.3, "weatherVar": 15.6, "performance": 0.754, "kw": 265.7, "generation": 404393, "tariff": 8.99, "capex": 11690745, "opex": 140289, "annualSavings": 3634503, "payback": 3.3, "propensity": 98, "credit": 60, "sanctionedLoad": 422, "ownership": "Rented", "partner": "SunGrid EPC - Jaipur", "sla": "2h", "status": "new"}, "geometry": {"type": "Polygon", "coordinates": [[[75.83582067428874, 26.78011721435695], [75.83623450500806, 26.78008010370222], [75.8362978355115, 26.78078631888448], [75.83588400479218, 26.78082342953921], [75.83582067428874, 26.78011721435695]]]}}, {"type": "Feature", "properties": {"id": "roof-090", "parcelId": "JP-06-10", "company": "Sitapura Industrial Prospect 090", "segment": "C&I", "pincode": "302022", "area": 1470, "usableArea": 935, "height": 16.2, "orientation": 0, "ghi": 4.87, "shade": 3.9, "weatherVar": 12.3, "performance": 0.781, "kw": 98.4, "generation": 136612, "tariff": 9.31, "capex": 4330785, "opex": 51969, "annualSavings": 1272043, "payback": 3.5, "propensity": 98, "credit": 74, "sanctionedLoad": 163, "ownership": "Owned", "partner": "SunGrid EPC - Jaipur", "sla": "2h", "status": "new"}, "geometry": {"type": "Polygon", "coordinates": [[[75.83698032359176, 26.78016883859581], [75.8375619059209, 26.78018195351967], [75.83755675623824, 26.780410316601394], [75.83697517390911, 26.780397201677534], [75.83698032359176, 26.78016883859581]]]}}, {"type": "Feature", "properties": {"id": "roof-091", "parcelId": "JP-06-11", "company": "Sitapura Industrial Prospect 091", "segment": "C&I", "pincode": "302022", "area": 2518, "usableArea": 1490, "height": 14.4, "orientation": 135, "ghi": 5.47, "shade": 15.5, "weatherVar": 12.1, "performance": 0.756, "kw": 156.8, "generation": 236565, "tariff": 9.19, "capex": 6899730, "opex": 82797, "annualSavings": 2173498, "payback": 3.3, "propensity": 98, "credit": 77, "sanctionedLoad": 297, "ownership": "Owned", "partner": "SunGrid EPC - Jaipur", "sla": "2h", "status": "contacted"}, "geometry": {"type": "Polygon", "coordinates": [[[75.8383858555372, 26.780141598929536], [75.8388935142442, 26.780131065759093], [75.83890281409283, 26.780579283051143], [75.83839515538583, 26.780589816221585], [75.8383858555372, 26.780141598929536]]]}}, {"type": "Feature", "properties": {"id": "roof-092", "parcelId": "JP-06-12", "company": "Sitapura Industrial Prospect 092", "segment": "C&I", "pincode": "302022", "area": 2072, "usableArea": 1380, "height": 12.1, "orientation": 10, "ghi": 5.0, "shade": 8.1, "weatherVar": 11.0, "performance": 0.775, "kw": 145.3, "generation": 205425, "tariff": 8.02, "capex": 6393023, "opex": 76716, "annualSavings": 1647798, "payback": 4.1, "propensity": 98, "credit": 58, "sanctionedLoad": 267, "ownership": "Owned", "partner": "SunGrid EPC - Jaipur", "sla": "2h", "status": "new"}, "geometry": {"type": "Polygon", "coordinates": [[[75.83958434932028, 26.780169927224932], [75.8399998663052, 26.78021142404329], [75.83995529913763, 26.78065768512618], [75.8395397821527, 26.78061618830782], [75.83958434932028, 26.780169927224932]]]}}, {"type": "Feature", "properties": {"id": "roof-093", "parcelId": "JP-06-13", "company": "Sitapura Industrial Prospect 093", "segment": "C&I", "pincode": "302022", "area": 1587, "usableArea": 950, "height": 5.7, "orientation": 10, "ghi": 5.52, "shade": 5.3, "weatherVar": 19.0, "performance": 0.761, "kw": 100.0, "generation": 153237, "tariff": 9.14, "capex": 4402182, "opex": 52826, "annualSavings": 1400740, "payback": 3.3, "propensity": 98, "credit": 69, "sanctionedLoad": 172, "ownership": "Owned", "partner": "SunGrid EPC - Jaipur", "sla": "2h", "status": "new"}, "geometry": {"type": "Polygon", "coordinates": [[[75.84067515126385, 26.780130483303015], [75.84122052336039, 26.78018392966592], [75.84119498777507, 26.78044449736309], [75.84064961567853, 26.780391051000183], [75.84067515126385, 26.780130483303015]]]}}, {"type": "Feature", "properties": {"id": "roof-094", "parcelId": "JP-06-14", "company": "Sitapura Industrial Prospect 094", "segment": "C&I", "pincode": "302022", "area": 2583, "usableArea": 1907, "height": 7.9, "orientation": 45, "ghi": 4.69, "shade": 20.3, "weatherVar": 15.9, "performance": 0.736, "kw": 200.8, "generation": 252911, "tariff": 7.85, "capex": 8834510, "opex": 106014, "annualSavings": 1984195, "payback": 4.7, "propensity": 98, "credit": 62, "sanctionedLoad": 362, "ownership": "Owned", "partner": "SunGrid EPC - Jaipur", "sla": "2h", "status": "new"}, "geometry": {"type": "Polygon", "coordinates": [[[75.84198677167, 26.78023557016403], [75.84246940460798, 26.78023203611833], [75.84247294740634, 26.78071586437749], [75.84199031446835, 26.78071939842319], [75.84198677167, 26.78023557016403]]]}}, {"type": "Feature", "properties": {"id": "roof-095", "parcelId": "JP-06-15", "company": "Sitapura Industrial Prospect 095", "segment": "C&I", "pincode": "302022", "area": 1910, "usableArea": 1222, "height": 16.3, "orientation": 10, "ghi": 4.78, "shade": 13.9, "weatherVar": 9.2, "performance": 0.766, "kw": 128.7, "generation": 171881, "tariff": 10.29, "capex": 5661241, "opex": 67935, "annualSavings": 1768697, "payback": 3.3, "propensity": 98, "credit": 83, "sanctionedLoad": 244, "ownership": "Owned", "partner": "SunGrid EPC - Jaipur", "sla": "2h", "status": "new"}, "geometry": {"type": "Polygon", "coordinates": [[[75.84320441384016, 26.780202279456866], [75.8437245979646, 26.78023222439907], [75.84370555087234, 26.780563098138593], [75.8431853667479, 26.780533153196387], [75.84320441384016, 26.780202279456866]]]}}, {"type": "Feature", "properties": {"id": "roof-096", "parcelId": "JP-06-16", "company": "Sitapura Industrial Prospect 096", "segment": "C&I", "pincode": "302022", "area": 1416, "usableArea": 971, "height": 14.4, "orientation": 135, "ghi": 5.09, "shade": 3.1, "weatherVar": 13.6, "performance": 0.779, "kw": 102.2, "generation": 147938, "tariff": 7.83, "capex": 4498121, "opex": 53977, "annualSavings": 1158827, "payback": 4.1, "propensity": 98, "credit": 55, "sanctionedLoad": 256, "ownership": "Rented", "partner": "SunGrid EPC - Jaipur", "sla": "2h", "status": "contacted"}, "geometry": {"type": "Polygon", "coordinates": [[[75.84454092905354, 26.78018689066541], [75.84493697667675, 26.780144955144713], [75.84497081993312, 26.78046457777076], [75.84457477230991, 26.780506513291456], [75.84454092905354, 26.78018689066541]]]}}, {"type": "Feature", "properties": {"id": "roof-097", "parcelId": "JP-07-01", "company": "Sitapura Industrial Prospect 097", "segment": "C&I", "pincode": "302022", "area": 5210, "usableArea": 3247, "height": 10.5, "orientation": 45, "ghi": 5.16, "shade": 22.8, "weatherVar": 9.7, "performance": 0.746, "kw": 341.8, "generation": 479769, "tariff": 9.72, "capex": 15037981, "opex": 180456, "annualSavings": 4661110, "payback": 3.4, "propensity": 98, "credit": 73, "sanctionedLoad": 567, "ownership": "Owned", "partner": "SunGrid EPC - Jaipur", "sla": "2h", "status": "new"}, "geometry": {"type": "Polygon", "coordinates": [[[75.82566592826903, 26.78132565509441], [75.82636044059048, 26.781286831730306], [75.82639822819097, 26.78196281524568], [75.82570371586952, 26.782001638609785], [75.82566592826903, 26.78132565509441]]]}}, {"type": "Feature", "properties": {"id": "roof-098", "parcelId": "JP-07-02", "company": "Sitapura Industrial Prospect 098", "segment": "C&I", "pincode": "302022", "area": 1870, "usableArea": 1019, "height": 14.4, "orientation": 10, "ghi": 4.84, "shade": 20.4, "weatherVar": 17.7, "performance": 0.731, "kw": 107.2, "generation": 138523, "tariff": 9.13, "capex": 4718983, "opex": 56628, "annualSavings": 1264907, "payback": 3.9, "propensity": 98, "credit": 57, "sanctionedLoad": 257, "ownership": "Owned", "partner": "SunGrid EPC - Jaipur", "sla": "2h", "status": "new"}, "geometry": {"type": "Polygon", "coordinates": [[[75.82700999270591, 26.781319847384143], [75.8275682594015, 26.781367926684347], [75.82754237220064, 26.78166851263342], [75.82698410550505, 26.781620433333217], [75.82700999270591, 26.781319847384143]]]}}, {"type": "Feature", "properties": {"id": "roof-099", "parcelId": "JP-07-03", "company": "Sitapura Industrial Prospect 099", "segment": "C&I", "pincode": "302022", "area": 2720, "usableArea": 1584, "height": 18.3, "orientation": 135, "ghi": 5.46, "shade": 9.6, "weatherVar": 16.1, "performance": 0.759, "kw": 166.8, "generation": 252010, "tariff": 8.19, "capex": 7338372, "opex": 88060, "annualSavings": 2064427, "payback": 3.7, "propensity": 98, "credit": 67, "sanctionedLoad": 293, "ownership": "Owned", "partner": "SunGrid EPC - Jaipur", "sla": "2h", "status": "new"}, "geometry": {"type": "Polygon", "coordinates": [[[75.82805942014414, 26.781345705089535], [75.82872894404797, 26.781291346690395], [75.82875856315204, 26.781656160564566], [75.82808903924821, 26.781710518963706], [75.82805942014414, 26.781345705089535]]]}}, {"type": "Feature", "properties": {"id": "roof-100", "parcelId": "JP-07-04", "company": "Sitapura Industrial Prospect 100", "segment": "C&I", "pincode": "302022", "area": 2553, "usableArea": 1653, "height": 10.1, "orientation": 45, "ghi": 5.04, "shade": 16.6, "weatherVar": 14.9, "performance": 0.746, "kw": 174.0, "generation": 238799, "tariff": 8.04, "capex": 7656625, "opex": 91879, "annualSavings": 1919931, "payback": 4.2, "propensity": 98, "credit": 68, "sanctionedLoad": 325, "ownership": "Rented", "partner": "SunGrid EPC - Jaipur", "sla": "2h", "status": "new"}, "geometry": {"type": "Polygon", "coordinates": [[[75.82937497532993, 26.78122718555744], [75.82999776989224, 26.781301157646624], [75.82995437312184, 26.781666528868797], [75.82933157855952, 26.781592556779614], [75.82937497532993, 26.78122718555744]]]}}, {"type": "Feature", "properties": {"id": "roof-101", "parcelId": "JP-07-05", "company": "Sitapura Industrial Prospect 101", "segment": "C&I", "pincode": "302022", "area": 4002, "usableArea": 2276, "height": 12.1, "orientation": 90, "ghi": 5.02, "shade": 3.5, "weatherVar": 11.2, "performance": 0.784, "kw": 239.6, "generation": 344067, "tariff": 8.06, "capex": 10542683, "opex": 126512, "annualSavings": 2773377, "payback": 4.0, "propensity": 98, "credit": 57, "sanctionedLoad": 379, "ownership": "Owned", "partner": "SunGrid EPC - Jaipur", "sla": "2h", "status": "contacted"}, "geometry": {"type": "Polygon", "coordinates": [[[75.83068133608928, 26.781194125596887], [75.83128936639211, 26.78114035885783], [75.83134157419939, 26.781730759715654], [75.83073354389656, 26.78178452645471], [75.83068133608928, 26.781194125596887]]]}}, {"type": "Feature", "properties": {"id": "roof-102", "parcelId": "JP-07-06", "company": "Sitapura Industrial Prospect 102", "segment": "C&I", "pincode": "302022", "area": 5075, "usableArea": 2723, "height": 11.8, "orientation": 20, "ghi": 5.09, "shade": 4.5, "weatherVar": 10.0, "performance": 0.785, "kw": 286.6, "generation": 417624, "tariff": 8.49, "capex": 12610593, "opex": 151327, "annualSavings": 3545818, "payback": 3.7, "propensity": 98, "credit": 66, "sanctionedLoad": 422, "ownership": "Rented", "partner": "SunGrid EPC - Jaipur", "sla": "2h", "status": "new"}, "geometry": {"type": "Polygon", "coordinates": [[[75.8317716555202, 26.78118039996499], [75.83247880649195, 26.7811792329853], [75.83247987714408, 26.78182801264831], [75.83177272617233, 26.781829179628], [75.8317716555202, 26.78118039996499]]]}}, {"type": "Feature", "properties": {"id": "roof-103", "parcelId": "JP-07-07", "company": "Sitapura Industrial Prospect 103", "segment": "C&I", "pincode": "302022", "area": 2195, "usableArea": 1325, "height": 15.7, "orientation": 20, "ghi": 4.81, "shade": 11.0, "weatherVar": 10.8, "performance": 0.769, "kw": 139.4, "generation": 188188, "tariff": 9.86, "capex": 6134825, "opex": 73618, "annualSavings": 1855088, "payback": 3.4, "propensity": 98, "credit": 81, "sanctionedLoad": 285, "ownership": "Owned", "partner": "SunGrid EPC - Jaipur", "sla": "2h", "status": "new"}, "geometry": {"type": "Polygon", "coordinates": [[[75.83340010375865, 26.781367344896786], [75.83381722839754, 26.781330824460277], [75.83385856245879, 26.781802928767277], [75.8334414378199, 26.781839449203787], [75.83340010375865, 26.781367344896786]]]}}, {"type": "Feature", "properties": {"id": "roof-104", "parcelId": "JP-07-08", "company": "Sitapura Industrial Prospect 104", "segment": "C&I", "pincode": "302022", "area": 2937, "usableArea": 1687, "height": 17.8, "orientation": 135, "ghi": 4.71, "shade": 20.0, "weatherVar": 16.5, "performance": 0.735, "kw": 177.6, "generation": 224451, "tariff": 9.68, "capex": 7814759, "opex": 93777, "annualSavings": 2173655, "payback": 3.8, "propensity": 98, "credit": 65, "sanctionedLoad": 281, "ownership": "Rented", "partner": "SunGrid EPC - Jaipur", "sla": "2h", "status": "new"}, "geometry": {"type": "Polygon", "coordinates": [[[75.83453413191847, 26.78122241909073], [75.83497019562668, 26.7812689542148], [75.83490595852643, 26.781870896698003], [75.83446989481823, 26.781824361573936], [75.83453413191847, 26.78122241909073]]]}}, {"type": "Feature", "properties": {"id": "roof-105", "parcelId": "JP-07-09", "company": "Sitapura Industrial Prospect 105", "segment": "C&I", "pincode": "302022", "area": 2317, "usableArea": 1628, "height": 18.0, "orientation": 135, "ghi": 5.47, "shade": 5.2, "weatherVar": 10.0, "performance": 0.784, "kw": 171.3, "generation": 268192, "tariff": 9.66, "capex": 7538162, "opex": 90458, "annualSavings": 2591037, "payback": 3.0, "propensity": 98, "credit": 72, "sanctionedLoad": 305, "ownership": "Owned", "partner": "SunGrid EPC - Jaipur", "sla": "2h", "status": "new"}, "geometry": {"type": "Polygon", "coordinates": [[[75.83576541124505, 26.78121989523384], [75.83622039872816, 26.781271262760438], [75.83616908203827, 26.781725799957734], [75.83571409455516, 26.781674432431135], [75.83576541124505, 26.78121989523384]]]}}, {"type": "Feature", "properties": {"id": "roof-106", "parcelId": "JP-07-10", "company": "Sitapura Industrial Prospect 106", "segment": "C&I", "pincode": "302022", "area": 2623, "usableArea": 1619, "height": 12.3, "orientation": 90, "ghi": 5.27, "shade": 6.0, "weatherVar": 19.0, "performance": 0.759, "kw": 170.5, "generation": 249031, "tariff": 9.15, "capex": 7499863, "opex": 89998, "annualSavings": 2279070, "payback": 3.4, "propensity": 98, "credit": 76, "sanctionedLoad": 254, "ownership": "Owned", "partner": "SunGrid EPC - Jaipur", "sla": "2h", "status": "contacted"}, "geometry": {"type": "Polygon", "coordinates": [[[75.83710187893318, 26.781337725788713], [75.83752899908984, 26.78130908627009], [75.8375660585228, 26.781861778199673], [75.83713893836614, 26.781890417718294], [75.83710187893318, 26.781337725788713]]]}}, {"type": "Feature", "properties": {"id": "roof-107", "parcelId": "JP-07-11", "company": "Sitapura Industrial Prospect 107", "segment": "C&I", "pincode": "302022", "area": 2666, "usableArea": 1879, "height": 6.3, "orientation": 135, "ghi": 4.75, "shade": 19.0, "weatherVar": 18.2, "performance": 0.733, "kw": 197.8, "generation": 251250, "tariff": 9.87, "capex": 8704230, "opex": 104451, "annualSavings": 2480683, "payback": 3.7, "propensity": 98, "credit": 72, "sanctionedLoad": 317, "ownership": "Owned", "partner": "SunGrid EPC - Jaipur", "sla": "2h", "status": "new"}, "geometry": {"type": "Polygon", "coordinates": [[[75.83822121662169, 26.78127534507383], [75.83865476265704, 26.781227779385777], [75.83871503164889, 26.781777111972744], [75.83828148561354, 26.781824677660797], [75.83822121662169, 26.78127534507383]]]}}, {"type": "Feature", "properties": {"id": "roof-108", "parcelId": "JP-07-12", "company": "Sitapura Industrial Prospect 108", "segment": "C&I", "pincode": "302022", "area": 1700, "usableArea": 979, "height": 10.3, "orientation": 170, "ghi": 5.37, "shade": 14.5, "weatherVar": 16.6, "performance": 0.747, "kw": 103.1, "generation": 150694, "tariff": 9.3, "capex": 4534557, "opex": 54415, "annualSavings": 1401947, "payback": 3.4, "propensity": 98, "credit": 61, "sanctionedLoad": 166, "ownership": "Owned", "partner": "SunGrid EPC - Jaipur", "sla": "2h", "status": "new"}, "geometry": {"type": "Polygon", "coordinates": [[[75.8395100443923, 26.78142097316371], [75.84003458314425, 26.781358292913676], [75.84006910146358, 26.781647158962198], [75.83954456271164, 26.78170983921223], [75.8395100443923, 26.78142097316371]]]}}, {"type": "Feature", "properties": {"id": "roof-109", "parcelId": "JP-07-13", "company": "Sitapura Industrial Prospect 109", "segment": "C&I", "pincode": "302022", "area": 2201, "usableArea": 1670, "height": 13.6, "orientation": 10, "ghi": 4.93, "shade": 7.8, "weatherVar": 8.4, "performance": 0.782, "kw": 175.8, "generation": 247479, "tariff": 8.85, "capex": 7736388, "opex": 92837, "annualSavings": 2189013, "payback": 3.7, "propensity": 98, "credit": 63, "sanctionedLoad": 315, "ownership": "Owned", "partner": "SunGrid EPC - Jaipur", "sla": "2h", "status": "new"}, "geometry": {"type": "Polygon", "coordinates": [[[75.84080766746875, 26.781340878425553], [75.84126772866838, 26.781374128269388], [75.84123663458338, 26.781804361329115], [75.84077657338375, 26.78177111148528], [75.84080766746875, 26.781340878425553]]]}}, {"type": "Feature", "properties": {"id": "roof-110", "parcelId": "JP-07-14", "company": "Sitapura Industrial Prospect 110", "segment": "C&I", "pincode": "302022", "area": 4241, "usableArea": 3160, "height": 6.0, "orientation": 10, "ghi": 5.38, "shade": 22.3, "weatherVar": 13.1, "performance": 0.738, "kw": 332.6, "generation": 482524, "tariff": 9.19, "capex": 14633508, "opex": 175602, "annualSavings": 4432421, "payback": 3.4, "propensity": 98, "credit": 65, "sanctionedLoad": 552, "ownership": "Owned", "partner": "SunGrid EPC - Jaipur", "sla": "2h", "status": "new"}, "geometry": {"type": "Polygon", "coordinates": [[[75.84192022306854, 26.781243856149917], [75.84249450199877, 26.781260318569416], [75.84247538294605, 26.781927272120303], [75.84190110401582, 26.781910809700804], [75.84192022306854, 26.781243856149917]]]}}, {"type": "Feature", "properties": {"id": "roof-111", "parcelId": "JP-07-15", "company": "Sitapura Industrial Prospect 111", "segment": "C&I", "pincode": "302022", "area": 2783, "usableArea": 1529, "height": 5.8, "orientation": 90, "ghi": 5.39, "shade": 10.3, "weatherVar": 16.9, "performance": 0.755, "kw": 161.0, "generation": 239136, "tariff": 7.92, "capex": 7081836, "opex": 84982, "annualSavings": 1893121, "payback": 3.9, "propensity": 98, "credit": 62, "sanctionedLoad": 336, "ownership": "Rented", "partner": "SunGrid EPC - Jaipur", "sla": "2h", "status": "contacted"}, "geometry": {"type": "Polygon", "coordinates": [[[75.8431459085121, 26.78132024328647], [75.84378626056083, 26.781327885792702], [75.84378157275432, 26.781720668789166], [75.84314122070559, 26.781713026282933], [75.8431459085121, 26.78132024328647]]]}}, {"type": "Feature", "properties": {"id": "roof-112", "parcelId": "JP-07-16", "company": "Sitapura Industrial Prospect 112", "segment": "C&I", "pincode": "302022", "area": 3434, "usableArea": 2509, "height": 14.2, "orientation": 170, "ghi": 5.29, "shade": 15.7, "weatherVar": 9.0, "performance": 0.763, "kw": 264.1, "generation": 389148, "tariff": 8.19, "capex": 11621881, "opex": 139463, "annualSavings": 3187070, "payback": 3.8, "propensity": 98, "credit": 56, "sanctionedLoad": 378, "ownership": "Owned", "partner": "SunGrid EPC - Jaipur", "sla": "2h", "status": "new"}, "geometry": {"type": "Polygon", "coordinates": [[[75.84461950154169, 26.78131738338221], [75.84507620366071, 26.781288512063334], [75.84511899547563, 26.781965416109045], [75.8446622933566, 26.78199428742792], [75.84461950154169, 26.78131738338221]]]}}, {"type": "Feature", "properties": {"id": "roof-113", "parcelId": "JP-08-01", "company": "Sitapura Industrial Prospect 113", "segment": "C&I", "pincode": "302022", "area": 2095, "usableArea": 1517, "height": 6.5, "orientation": 170, "ghi": 5.24, "shade": 17.0, "weatherVar": 8.6, "performance": 0.761, "kw": 159.7, "generation": 232472, "tariff": 8.21, "capex": 7026778, "opex": 84321, "annualSavings": 1908472, "payback": 3.9, "propensity": 98, "credit": 56, "sanctionedLoad": 319, "ownership": "Owned", "partner": "SunGrid EPC - Jaipur", "sla": "2h", "status": "new"}, "geometry": {"type": "Polygon", "coordinates": [[[75.8258671537414, 26.78234627257264], [75.82625623467582, 26.782389664522405], [75.82620262797442, 26.782870337679242], [75.82581354704, 26.782826945729475], [75.8258671537414, 26.78234627257264]]]}}, {"type": "Feature", "properties": {"id": "roof-114", "parcelId": "JP-08-02", "company": "Sitapura Industrial Prospect 114", "segment": "C&I", "pincode": "302022", "area": 2853, "usableArea": 1821, "height": 11.8, "orientation": 0, "ghi": 5.43, "shade": 19.9, "weatherVar": 8.1, "performance": 0.756, "kw": 191.7, "generation": 287253, "tariff": 10.52, "capex": 8434105, "opex": 101209, "annualSavings": 3022483, "payback": 2.9, "propensity": 98, "credit": 78, "sanctionedLoad": 363, "ownership": "Owned", "partner": "SunGrid EPC - Jaipur", "sla": "2h", "status": "new"}, "geometry": {"type": "Polygon", "coordinates": [[[75.82703461701838, 26.782427168251715], [75.82762690620305, 26.782480950782762], [75.8275876883785, 26.78291284368327], [75.82699539919383, 26.782859061152223], [75.82703461701838, 26.782427168251715]]]}}, {"type": "Feature", "properties": {"id": "roof-115", "parcelId": "JP-08-03", "company": "Sitapura Industrial Prospect 115", "segment": "C&I", "pincode": "302022", "area": 4091, "usableArea": 2938, "height": 5.6, "orientation": 170, "ghi": 5.4, "shade": 3.3, "weatherVar": 18.2, "performance": 0.767, "kw": 309.3, "generation": 467965, "tariff": 8.24, "capex": 13607245, "opex": 163287, "annualSavings": 3857134, "payback": 3.7, "propensity": 98, "credit": 73, "sanctionedLoad": 477, "ownership": "Owned", "partner": "SunGrid EPC - Jaipur", "sla": "2h", "status": "new"}, "geometry": {"type": "Polygon", "coordinates": [[[75.82830159097476, 26.782431747105967], [75.82901006504548, 26.78249896734023], [75.82896098539528, 26.783016246994826], [75.82825251132456, 26.782949026760562], [75.82830159097476, 26.782431747105967]]]}}, {"type": "Feature", "properties": {"id": "roof-116", "parcelId": "JP-08-04", "company": "Sitapura Industrial Prospect 116", "segment": "C&I", "pincode": "302022", "area": 3821, "usableArea": 2608, "height": 16.2, "orientation": 10, "ghi": 5.04, "shade": 4.8, "weatherVar": 8.1, "performance": 0.789, "kw": 274.5, "generation": 398211, "tariff": 8.4, "capex": 12079973, "opex": 144960, "annualSavings": 3344006, "payback": 3.8, "propensity": 98, "credit": 65, "sanctionedLoad": 440, "ownership": "Owned", "partner": "SunGrid EPC - Jaipur", "sla": "2h", "status": "contacted"}, "geometry": {"type": "Polygon", "coordinates": [[[75.82954792437441, 26.78247653283181], [75.83005418838736, 26.782421862442106], [75.83012700572972, 26.783096172615327], [75.82962074171677, 26.783150843005032], [75.82954792437441, 26.78247653283181]]]}}, {"type": "Feature", "properties": {"id": "roof-117", "parcelId": "JP-08-05", "company": "Sitapura Industrial Prospect 117", "segment": "C&I", "pincode": "302022", "area": 3238, "usableArea": 1935, "height": 12.3, "orientation": 170, "ghi": 5.44, "shade": 15.8, "weatherVar": 15.1, "performance": 0.747, "kw": 203.7, "generation": 302157, "tariff": 7.99, "capex": 8963984, "opex": 107568, "annualSavings": 2414701, "payback": 3.9, "propensity": 98, "credit": 63, "sanctionedLoad": 307, "ownership": "Owned", "partner": "SunGrid EPC - Jaipur", "sla": "2h", "status": "new"}, "geometry": {"type": "Polygon", "coordinates": [[[75.8307954972771, 26.78223701669905], [75.83123100834946, 26.782223169231237], [75.83125235263775, 26.782894459752328], [75.83081684156538, 26.78290830722014], [75.8307954972771, 26.78223701669905]]]}}, {"type": "Feature", "properties": {"id": "roof-118", "parcelId": "JP-08-06", "company": "Sitapura Industrial Prospect 118", "segment": "C&I", "pincode": "302022", "area": 4693, "usableArea": 2964, "height": 17.6, "orientation": 20, "ghi": 5.23, "shade": 8.0, "weatherVar": 14.2, "performance": 0.767, "kw": 312.0, "generation": 456819, "tariff": 9.82, "capex": 13728468, "opex": 164742, "annualSavings": 4485648, "payback": 3.2, "propensity": 98, "credit": 80, "sanctionedLoad": 439, "ownership": "Owned", "partner": "SunGrid EPC - Jaipur", "sla": "2h", "status": "new"}, "geometry": {"type": "Polygon", "coordinates": [[[75.8318453914433, 26.782416385441767], [75.83259327224734, 26.782389726083856], [75.83261346489553, 26.78295619486438], [75.83186558409149, 26.78298285422229], [75.8318453914433, 26.782416385441767]]]}}, {"type": "Feature", "properties": {"id": "roof-119", "parcelId": "JP-08-07", "company": "Sitapura Industrial Prospect 119", "segment": "C&I", "pincode": "302022", "area": 1790, "usableArea": 1228, "height": 6.0, "orientation": 0, "ghi": 5.54, "shade": 21.7, "weatherVar": 8.6, "performance": 0.751, "kw": 129.2, "generation": 196145, "tariff": 10.21, "capex": 5686127, "opex": 68234, "annualSavings": 2002694, "payback": 2.9, "propensity": 98, "credit": 69, "sanctionedLoad": 261, "ownership": "Owned", "partner": "SunGrid EPC - Jaipur", "sla": "2h", "status": "new"}, "geometry": {"type": "Polygon", "coordinates": [[[75.8331364085375, 26.782608792763803], [75.83366702424323, 26.782575777596772], [75.83368592323676, 26.782879519897307], [75.83315530753103, 26.782912535064337], [75.8331364085375, 26.782608792763803]]]}}, {"type": "Feature", "properties": {"id": "roof-120", "parcelId": "JP-08-08", "company": "Sitapura Industrial Prospect 120", "segment": "C&I", "pincode": "302022", "area": 840, "usableArea": 528, "height": 15.9, "orientation": 135, "ghi": 5.13, "shade": 15.3, "weatherVar": 10.3, "performance": 0.76, "kw": 55.6, "generation": 79159, "tariff": 8.67, "capex": 2444649, "opex": 29336, "annualSavings": 686133, "payback": 3.7, "propensity": 98, "credit": 58, "sanctionedLoad": 175, "ownership": "Owned", "partner": "SunGrid EPC - Jaipur", "sla": "2h", "status": "new"}, "geometry": {"type": "Polygon", "coordinates": [[[75.83464626113754, 26.782662418883714], [75.834942436289, 26.782662493446317], [75.83494237171156, 26.782919005866038], [75.8346461965601, 26.782918931303435], [75.83464626113754, 26.782662418883714]]]}}, {"type": "Feature", "properties": {"id": "roof-121", "parcelId": "JP-08-09", "company": "Sitapura Industrial Prospect 121", "segment": "C&I", "pincode": "302022", "area": 3362, "usableArea": 2145, "height": 13.6, "orientation": 135, "ghi": 5.32, "shade": 17.8, "weatherVar": 8.4, "performance": 0.76, "kw": 225.7, "generation": 332874, "tariff": 9.78, "capex": 9932823, "opex": 119194, "annualSavings": 3256217, "payback": 3.2, "propensity": 98, "credit": 63, "sanctionedLoad": 420, "ownership": "Owned", "partner": "SunGrid EPC - Jaipur", "sla": "2h", "status": "contacted"}, "geometry": {"type": "Polygon", "coordinates": [[[75.83563925453817, 26.782382496302137], [75.83625448352659, 26.78237282168188], [75.83626224952309, 26.78286667736236], [75.83564702053467, 26.78287635198262], [75.83563925453817, 26.782382496302137]]]}}, {"type": "Feature", "properties": {"id": "roof-122", "parcelId": "JP-08-10", "company": "Sitapura Industrial Prospect 122", "segment": "C&I", "pincode": "302022", "area": 1122, "usableArea": 602, "height": 16.5, "orientation": 135, "ghi": 4.72, "shade": 12.1, "weatherVar": 11.3, "performance": 0.765, "kw": 63.4, "generation": 83549, "tariff": 9.2, "capex": 2789448, "opex": 33473, "annualSavings": 768560, "payback": 3.8, "propensity": 98, "credit": 64, "sanctionedLoad": 127, "ownership": "Rented", "partner": "SunGrid EPC - Jaipur", "sla": "2h", "status": "new"}, "geometry": {"type": "Polygon", "coordinates": [[[75.83702316212766, 26.782656910983462], [75.8373814099603, 26.782637286399225], [75.8373968768385, 26.782919635086095], [75.83703862900586, 26.782939259670332], [75.83702316212766, 26.782656910983462]]]}}, {"type": "Feature", "properties": {"id": "roof-123", "parcelId": "JP-08-11", "company": "Sitapura Industrial Prospect 123", "segment": "C&I", "pincode": "302022", "area": 2247, "usableArea": 1669, "height": 14.3, "orientation": 135, "ghi": 5.32, "shade": 11.4, "weatherVar": 10.9, "performance": 0.768, "kw": 175.7, "generation": 261780, "tariff": 8.97, "capex": 7730671, "opex": 92768, "annualSavings": 2346990, "payback": 3.4, "propensity": 98, "credit": 61, "sanctionedLoad": 260, "ownership": "Owned", "partner": "SunGrid EPC - Jaipur", "sla": "2h", "status": "new"}, "geometry": {"type": "Polygon", "coordinates": [[[75.83833006194446, 26.782403407225313], [75.83875310161342, 26.78244733961946], [75.8387037805668, 26.78292226841945], [75.83828074089784, 26.782878336025306], [75.83833006194446, 26.782403407225313]]]}}, {"type": "Feature", "properties": {"id": "roof-124", "parcelId": "JP-08-12", "company": "Sitapura Industrial Prospect 124", "segment": "C&I", "pincode": "302022", "area": 2684, "usableArea": 1782, "height": 5.9, "orientation": 20, "ghi": 5.16, "shade": 9.1, "weatherVar": 14.5, "performance": 0.764, "kw": 187.5, "generation": 269652, "tariff": 9.1, "capex": 8251336, "opex": 99016, "annualSavings": 2453561, "payback": 3.5, "propensity": 98, "credit": 66, "sanctionedLoad": 349, "ownership": "Owned", "partner": "SunGrid EPC - Jaipur", "sla": "2h", "status": "new"}, "geometry": {"type": "Polygon", "coordinates": [[[75.83956398120615, 26.782458974680015], [75.83997025653747, 26.78244212582053], [75.8399949781154, 26.7830382354428], [75.83958870278408, 26.783055084302283], [75.83956398120615, 26.782458974680015]]]}}, {"type": "Feature", "properties": {"id": "roof-125", "parcelId": "JP-08-13", "company": "Sitapura Industrial Prospect 125", "segment": "C&I", "pincode": "302022", "area": 947, "usableArea": 654, "height": 18.2, "orientation": 20, "ghi": 4.74, "shade": 13.6, "weatherVar": 9.9, "performance": 0.765, "kw": 68.9, "generation": 91292, "tariff": 9.18, "capex": 3030930, "opex": 36371, "annualSavings": 837849, "payback": 3.8, "propensity": 98, "credit": 78, "sanctionedLoad": 183, "ownership": "Rented", "partner": "SunGrid EPC - Jaipur", "sla": "2h", "status": "new"}, "geometry": {"type": "Polygon", "coordinates": [[[75.84089970487794, 26.78273821810582], [75.84127749483835, 26.7826927989271], [75.8413043529891, 26.782916201022694], [75.84092656302869, 26.782961620201412], [75.84089970487794, 26.78273821810582]]]}}, {"type": "Feature", "properties": {"id": "roof-126", "parcelId": "JP-08-14", "company": "Sitapura Industrial Prospect 126", "segment": "C&I", "pincode": "302022", "area": 3992, "usableArea": 2665, "height": 12.2, "orientation": 10, "ghi": 4.86, "shade": 8.2, "weatherVar": 10.8, "performance": 0.775, "kw": 280.5, "generation": 385916, "tariff": 10.04, "capex": 12344022, "opex": 148128, "annualSavings": 3875475, "payback": 3.3, "propensity": 98, "credit": 76, "sanctionedLoad": 427, "ownership": "Owned", "partner": "SunGrid EPC - Jaipur", "sla": "2h", "status": "contacted"}, "geometry": {"type": "Polygon", "coordinates": [[[75.84192829951192, 26.78254057845503], [75.84251972992753, 26.78248001815428], [75.84258155691114, 26.783083818963643], [75.84199012649553, 26.783144379264392], [75.84192829951192, 26.78254057845503]]]}}, {"type": "Feature", "properties": {"id": "roof-127", "parcelId": "JP-08-15", "company": "Sitapura Industrial Prospect 127", "segment": "C&I", "pincode": "302022", "area": 3746, "usableArea": 2248, "height": 10.4, "orientation": 0, "ghi": 4.79, "shade": 16.7, "weatherVar": 16.9, "performance": 0.741, "kw": 236.7, "generation": 306708, "tariff": 9.75, "capex": 10413786, "opex": 124965, "annualSavings": 2990787, "payback": 3.6, "propensity": 98, "credit": 77, "sanctionedLoad": 369, "ownership": "Rented", "partner": "SunGrid EPC - Jaipur", "sla": "2h", "status": "new"}, "geometry": {"type": "Polygon", "coordinates": [[[75.84311333402422, 26.78246211233254], [75.84376678513615, 26.782416186031796], [75.84380302987188, 26.782931885369145], [75.84314957875995, 26.782977811669888], [75.84311333402422, 26.78246211233254]]]}}, {"type": "Feature", "properties": {"id": "roof-128", "parcelId": "JP-08-16", "company": "Sitapura Industrial Prospect 128", "segment": "C&I", "pincode": "302022", "area": 3365, "usableArea": 2154, "height": 18.3, "orientation": 0, "ghi": 4.66, "shade": 19.6, "weatherVar": 18.8, "performance": 0.73, "kw": 226.7, "generation": 281524, "tariff": 8.17, "capex": 9976144, "opex": 119714, "annualSavings": 2298924, "payback": 4.6, "propensity": 98, "credit": 59, "sanctionedLoad": 387, "ownership": "Owned", "partner": "SunGrid EPC - Jaipur", "sla": "2h", "status": "new"}, "geometry": {"type": "Polygon", "coordinates": [[[75.84442875331229, 26.782434278920253], [75.84497653361869, 26.782401353160285], [75.84500978874371, 26.782954613057587], [75.8444620084373, 26.782987538817554], [75.84442875331229, 26.782434278920253]]]}}, {"type": "Feature", "properties": {"id": "roof-129", "parcelId": "JP-09-01", "company": "Sitapura Industrial Prospect 129", "segment": "C&I", "pincode": "302022", "area": 2587, "usableArea": 1374, "height": 11.6, "orientation": 90, "ghi": 5.04, "shade": 17.5, "weatherVar": 13.0, "performance": 0.749, "kw": 144.6, "generation": 199281, "tariff": 8.87, "capex": 6362762, "opex": 76353, "annualSavings": 1767952, "payback": 3.8, "propensity": 98, "credit": 62, "sanctionedLoad": 306, "ownership": "Owned", "partner": "SunGrid EPC - Jaipur", "sla": "2h", "status": "new"}, "geometry": {"type": "Polygon", "coordinates": [[[75.82566629590666, 26.783758360937348], [75.82637278618022, 26.783729783359128], [75.82638615165258, 26.784060202408725], [75.82567966137903, 26.784088779986945], [75.82566629590666, 26.783758360937348]]]}}, {"type": "Feature", "properties": {"id": "roof-130", "parcelId": "JP-09-02", "company": "Sitapura Industrial Prospect 130", "segment": "C&I", "pincode": "302022", "area": 3327, "usableArea": 2286, "height": 18.0, "orientation": 135, "ghi": 5.54, "shade": 13.9, "weatherVar": 7.2, "performance": 0.771, "kw": 240.6, "generation": 375604, "tariff": 8.87, "capex": 10586143, "opex": 127034, "annualSavings": 3331980, "payback": 3.3, "propensity": 98, "credit": 65, "sanctionedLoad": 422, "ownership": "Owned", "partner": "SunGrid EPC - Jaipur", "sla": "2h", "status": "new"}, "geometry": {"type": "Polygon", "coordinates": [[[75.82683354488675, 26.78357077664331], [75.82741201449772, 26.783559562390405], [75.82742208806046, 26.78407919129178], [75.82684361844949, 26.784090405544685], [75.82683354488675, 26.78357077664331]]]}}, {"type": "Feature", "properties": {"id": "roof-131", "parcelId": "JP-09-03", "company": "Sitapura Industrial Prospect 131", "segment": "C&I", "pincode": "302022", "area": 1614, "usableArea": 1084, "height": 8.5, "orientation": 0, "ghi": 4.87, "shade": 7.8, "weatherVar": 13.4, "performance": 0.769, "kw": 114.1, "generation": 156134, "tariff": 10.02, "capex": 5020787, "opex": 60249, "annualSavings": 1563758, "payback": 3.3, "propensity": 98, "credit": 77, "sanctionedLoad": 269, "ownership": "Owned", "partner": "SunGrid EPC - Jaipur", "sla": "2h", "status": "contacted"}, "geometry": {"type": "Polygon", "coordinates": [[[75.82828123550367, 26.783709103167187], [75.82874980478373, 26.78369306429153], [75.82876044715307, 26.784003976817512], [75.82829187787301, 26.78402001569317], [75.82828123550367, 26.783709103167187]]]}}, {"type": "Feature", "properties": {"id": "roof-132", "parcelId": "JP-09-04", "company": "Sitapura Industrial Prospect 132", "segment": "C&I", "pincode": "302022", "area": 4699, "usableArea": 2873, "height": 14.1, "orientation": 90, "ghi": 5.5, "shade": 19.7, "weatherVar": 16.7, "performance": 0.735, "kw": 302.4, "generation": 446406, "tariff": 10.52, "capex": 13307464, "opex": 159690, "annualSavings": 4694893, "payback": 2.9, "propensity": 98, "credit": 66, "sanctionedLoad": 427, "ownership": "Rented", "partner": "SunGrid EPC - Jaipur", "sla": "2h", "status": "new"}, "geometry": {"type": "Polygon", "coordinates": [[[75.82939003380602, 26.78360741210338], [75.83005998205142, 26.78364015082298], [75.83002907200336, 26.784272678078615], [75.82935912375795, 26.784239939359015], [75.82939003380602, 26.78360741210338]]]}}, {"type": "Feature", "properties": {"id": "roof-133", "parcelId": "JP-09-05", "company": "Sitapura Industrial Prospect 133", "segment": "C&I", "pincode": "302022", "area": 2806, "usableArea": 1567, "height": 16.4, "orientation": 170, "ghi": 4.75, "shade": 13.5, "weatherVar": 11.4, "performance": 0.762, "kw": 164.9, "generation": 217827, "tariff": 8.0, "capex": 7256952, "opex": 87083, "annualSavings": 1743287, "payback": 4.4, "propensity": 98, "credit": 65, "sanctionedLoad": 299, "ownership": "Owned", "partner": "SunGrid EPC - Jaipur", "sla": "2h", "status": "new"}, "geometry": {"type": "Polygon", "coordinates": [[[75.83066635515021, 26.783725019527967], [75.83122954513867, 26.783665263913335], [75.83127679762882, 26.78411061335117], [75.83071360764036, 26.784170368965803], [75.83066635515021, 26.783725019527967]]]}}, {"type": "Feature", "properties": {"id": "roof-134", "parcelId": "JP-09-06", "company": "Sitapura Industrial Prospect 134", "segment": "C&I", "pincode": "302022", "area": 2732, "usableArea": 1674, "height": 16.1, "orientation": 10, "ghi": 4.99, "shade": 17.7, "weatherVar": 10.5, "performance": 0.755, "kw": 176.2, "generation": 242244, "tariff": 8.3, "capex": 7752662, "opex": 93032, "annualSavings": 2010039, "payback": 4.0, "propensity": 98, "credit": 67, "sanctionedLoad": 313, "ownership": "Owned", "partner": "SunGrid EPC - Jaipur", "sla": "2h", "status": "new"}, "geometry": {"type": "Polygon", "coordinates": [[[75.83204486917778, 26.783660263785897], [75.83263858322529, 26.783676470358785], [75.83262723897617, 26.784092057300207], [75.83203352492866, 26.78407585072732], [75.83204486917778, 26.783660263785897]]]}}, {"type": "Feature", "properties": {"id": "roof-135", "parcelId": "JP-09-07", "company": "Sitapura Industrial Prospect 135", "segment": "C&I", "pincode": "302022", "area": 2295, "usableArea": 1400, "height": 9.7, "orientation": 0, "ghi": 5.39, "shade": 16.4, "weatherVar": 15.8, "performance": 0.745, "kw": 147.4, "generation": 215897, "tariff": 8.74, "capex": 6485883, "opex": 77831, "annualSavings": 1886957, "payback": 3.6, "propensity": 98, "credit": 58, "sanctionedLoad": 287, "ownership": "Owned", "partner": "SunGrid EPC - Jaipur", "sla": "2h", "status": "new"}, "geometry": {"type": "Polygon", "coordinates": [[[75.83325933686635, 26.78366767885769], [75.83371524367516, 26.783621324710268], [75.83376103683375, 26.784071714027256], [75.83330513002494, 26.784118068174678], [75.83325933686635, 26.78366767885769]]]}}, {"type": "Feature", "properties": {"id": "roof-136", "parcelId": "JP-09-08", "company": "Sitapura Industrial Prospect 136", "segment": "C&I", "pincode": "302022", "area": 1282, "usableArea": 930, "height": 14.2, "orientation": 135, "ghi": 4.85, "shade": 12.0, "weatherVar": 16.6, "performance": 0.752, "kw": 97.9, "generation": 130377, "tariff": 7.89, "capex": 4306161, "opex": 51674, "annualSavings": 1029135, "payback": 4.4, "propensity": 98, "credit": 55, "sanctionedLoad": 158, "ownership": "Owned", "partner": "SunGrid EPC - Jaipur", "sla": "2h", "status": "contacted"}, "geometry": {"type": "Polygon", "coordinates": [[[75.83462946263985, 26.783671501835567], [75.8349243531464, 26.78369482115515], [75.83489346368249, 26.784085441886074], [75.83459857317594, 26.78406212256649], [75.83462946263985, 26.783671501835567]]]}}, {"type": "Feature", "properties": {"id": "roof-137", "parcelId": "JP-09-09", "company": "Sitapura Industrial Prospect 137", "segment": "C&I", "pincode": "302022", "area": 1996, "usableArea": 1353, "height": 11.7, "orientation": 0, "ghi": 4.95, "shade": 22.5, "weatherVar": 11.9, "performance": 0.741, "kw": 142.4, "generation": 190550, "tariff": 9.35, "capex": 6267153, "opex": 75206, "annualSavings": 1781933, "payback": 3.7, "propensity": 98, "credit": 69, "sanctionedLoad": 277, "ownership": "Owned", "partner": "SunGrid EPC - Jaipur", "sla": "2h", "status": "new"}, "geometry": {"type": "Polygon", "coordinates": [[[75.83583700035766, 26.7836011935206], [75.83614174238436, 26.783612435198428], [75.8361199305676, 26.78420371501863], [75.8358151885409, 26.784192473340802], [75.83583700035766, 26.7836011935206]]]}}, {"type": "Feature", "properties": {"id": "roof-138", "parcelId": "JP-09-10", "company": "Sitapura Industrial Prospect 138", "segment": "C&I", "pincode": "302022", "area": 2350, "usableArea": 1348, "height": 15.8, "orientation": 0, "ghi": 5.08, "shade": 5.3, "weatherVar": 16.4, "performance": 0.767, "kw": 141.9, "generation": 201780, "tariff": 9.12, "capex": 6245234, "opex": 74943, "annualSavings": 1839958, "payback": 3.5, "propensity": 98, "credit": 61, "sanctionedLoad": 274, "ownership": "Owned", "partner": "SunGrid EPC - Jaipur", "sla": "2h", "status": "new"}, "geometry": {"type": "Polygon", "coordinates": [[[75.83698146814594, 26.783597420969603], [75.83748362943352, 26.783548698316494], [75.83752428966791, 26.783967764076525], [75.83702212838033, 26.784016486729634], [75.83698146814594, 26.783597420969603]]]}}, {"type": "Feature", "properties": {"id": "roof-139", "parcelId": "JP-09-11", "company": "Sitapura Industrial Prospect 139", "segment": "C&I", "pincode": "302022", "area": 1220, "usableArea": 847, "height": 18.0, "orientation": 170, "ghi": 5.18, "shade": 14.1, "weatherVar": 17.1, "performance": 0.746, "kw": 89.1, "generation": 125776, "tariff": 10.09, "capex": 3921411, "opex": 47057, "annualSavings": 1269277, "payback": 3.2, "propensity": 98, "credit": 72, "sanctionedLoad": 226, "ownership": "Owned", "partner": "SunGrid EPC - Jaipur", "sla": "2h", "status": "new"}, "geometry": {"type": "Polygon", "coordinates": [[[75.83821484454592, 26.78373721301615], [75.83860863136239, 26.783698978374378], [75.83863557972975, 26.783976525418087], [75.83824179291328, 26.784014760059858], [75.83821484454592, 26.78373721301615]]]}}, {"type": "Feature", "properties": {"id": "roof-140", "parcelId": "JP-09-12", "company": "Sitapura Industrial Prospect 140", "segment": "C&I", "pincode": "302022", "area": 2082, "usableArea": 1493, "height": 8.4, "orientation": 10, "ghi": 5.52, "shade": 19.2, "weatherVar": 8.5, "performance": 0.757, "kw": 157.1, "generation": 239704, "tariff": 8.99, "capex": 6913120, "opex": 82957, "annualSavings": 2153850, "payback": 3.3, "propensity": 98, "credit": 65, "sanctionedLoad": 332, "ownership": "Owned", "partner": "SunGrid EPC - Jaipur", "sla": "2h", "status": "new"}, "geometry": {"type": "Polygon", "coordinates": [[[75.83958870749125, 26.783649140231372], [75.8399069005627, 26.783620062005152], [75.83996050760207, 26.78420666547885], [75.83964231453062, 26.78423574370507], [75.83958870749125, 26.783649140231372]]]}}, {"type": "Feature", "properties": {"id": "roof-141", "parcelId": "JP-09-13", "company": "Sitapura Industrial Prospect 141", "segment": "C&I", "pincode": "302022", "area": 5247, "usableArea": 3802, "height": 14.1, "orientation": 170, "ghi": 5.03, "shade": 11.3, "weatherVar": 8.8, "performance": 0.773, "kw": 400.2, "generation": 567821, "tariff": 9.45, "capex": 17607795, "opex": 211294, "annualSavings": 5363755, "payback": 3.4, "propensity": 98, "credit": 78, "sanctionedLoad": 652, "ownership": "Owned", "partner": "SunGrid EPC - Jaipur", "sla": "2h", "status": "contacted"}, "geometry": {"type": "Polygon", "coordinates": [[[75.8405971038439, 26.783536753615618], [75.84131288298813, 26.783601082623676], [75.84125380405366, 26.784258444993068], [75.84053802490943, 26.78419411598501], [75.8405971038439, 26.783536753615618]]]}}, {"type": "Feature", "properties": {"id": "roof-142", "parcelId": "JP-09-14", "company": "Sitapura Industrial Prospect 142", "segment": "C&I", "pincode": "302022", "area": 2296, "usableArea": 1557, "height": 15.9, "orientation": 45, "ghi": 5.45, "shade": 9.6, "weatherVar": 9.9, "performance": 0.774, "kw": 163.9, "generation": 252449, "tariff": 9.89, "capex": 7211783, "opex": 86541, "annualSavings": 2496245, "payback": 3.0, "propensity": 98, "credit": 79, "sanctionedLoad": 238, "ownership": "Owned", "partner": "SunGrid EPC - Jaipur", "sla": "2h", "status": "new"}, "geometry": {"type": "Polygon", "coordinates": [[[75.84186149036763, 26.78358186671348], [75.84238855779307, 26.783536705399026], [75.8424220483602, 26.783927566187987], [75.84189498093477, 26.78397272750244], [75.84186149036763, 26.78358186671348]]]}}, {"type": "Feature", "properties": {"id": "roof-143", "parcelId": "JP-09-15", "company": "Sitapura Industrial Prospect 143", "segment": "C&I", "pincode": "302022", "area": 2455, "usableArea": 1542, "height": 15.6, "orientation": 45, "ghi": 4.84, "shade": 19.5, "weatherVar": 15.9, "performance": 0.737, "kw": 162.4, "generation": 211514, "tariff": 9.93, "capex": 7143618, "opex": 85723, "annualSavings": 2099613, "payback": 3.5, "propensity": 98, "credit": 78, "sanctionedLoad": 288, "ownership": "Rented", "partner": "SunGrid EPC - Jaipur", "sla": "2h", "status": "new"}, "geometry": {"type": "Polygon", "coordinates": [[[75.84321264474414, 26.783636160469342], [75.84367219713806, 26.783610703213103], [75.84369886158112, 26.78409204764865], [75.8432393091872, 26.784117504904888], [75.84321264474414, 26.783636160469342]]]}}, {"type": "Feature", "properties": {"id": "roof-144", "parcelId": "JP-09-16", "company": "Sitapura Industrial Prospect 144", "segment": "C&I", "pincode": "302022", "area": 2106, "usableArea": 1598, "height": 15.7, "orientation": 20, "ghi": 5.39, "shade": 13.1, "weatherVar": 14.6, "performance": 0.755, "kw": 168.2, "generation": 249788, "tariff": 8.15, "capex": 7401594, "opex": 88819, "annualSavings": 2034982, "payback": 3.8, "propensity": 98, "credit": 59, "sanctionedLoad": 304, "ownership": "Rented", "partner": "SunGrid EPC - Jaipur", "sla": "2h", "status": "new"}, "geometry": {"type": "Polygon", "coordinates": [[[75.84463324084618, 26.783504534339766], [75.84497087213984, 26.78350100518096], [75.84497676617875, 26.784064882323253], [75.84463913488509, 26.78406841148206], [75.84463324084618, 26.783504534339766]]]}}, {"type": "Feature", "properties": {"id": "roof-145", "parcelId": "JP-10-01", "company": "Sitapura Industrial Prospect 145", "segment": "C&I", "pincode": "302022", "area": 2022, "usableArea": 1558, "height": 17.7, "orientation": 10, "ghi": 5.26, "shade": 8.4, "weatherVar": 11.9, "performance": 0.772, "kw": 164.0, "generation": 243067, "tariff": 7.86, "capex": 7217984, "opex": 86616, "annualSavings": 1909572, "payback": 4.0, "propensity": 98, "credit": 66, "sanctionedLoad": 237, "ownership": "Owned", "partner": "SunGrid EPC - Jaipur", "sla": "2h", "status": "new"}, "geometry": {"type": "Polygon", "coordinates": [[[75.82574896085725, 26.784825028356614], [75.82624887992229, 26.784833698789576], [75.82624254183688, 26.78519913956397], [75.82574262277184, 26.78519046913101], [75.82574896085725, 26.784825028356614]]]}}, {"type": "Feature", "properties": {"id": "roof-146", "parcelId": "JP-10-02", "company": "Sitapura Industrial Prospect 146", "segment": "C&I", "pincode": "302022", "area": 1217, "usableArea": 712, "height": 11.8, "orientation": 90, "ghi": 5.39, "shade": 10.9, "weatherVar": 8.2, "performance": 0.775, "kw": 75.0, "generation": 114441, "tariff": 9.23, "capex": 3299886, "opex": 39599, "annualSavings": 1056544, "payback": 3.2, "propensity": 98, "credit": 75, "sanctionedLoad": 156, "ownership": "Owned", "partner": "SunGrid EPC - Jaipur", "sla": "2h", "status": "contacted"}, "geometry": {"type": "Polygon", "coordinates": [[[75.82709102369267, 26.78483660394125], [75.82740421896798, 26.784825226885616], [75.82741695990768, 26.785175968082726], [75.82710376463237, 26.78518734513836], [75.82709102369267, 26.78483660394125]]]}}, {"type": "Feature", "properties": {"id": "roof-147", "parcelId": "JP-10-03", "company": "Sitapura Industrial Prospect 147", "segment": "C&I", "pincode": "302022", "area": 1480, "usableArea": 827, "height": 17.7, "orientation": 0, "ghi": 5.37, "shade": 19.0, "weatherVar": 14.2, "performance": 0.743, "kw": 87.1, "generation": 126870, "tariff": 9.65, "capex": 3831743, "opex": 45981, "annualSavings": 1224227, "payback": 3.3, "propensity": 98, "credit": 74, "sanctionedLoad": 201, "ownership": "Owned", "partner": "SunGrid EPC - Jaipur", "sla": "2h", "status": "new"}, "geometry": {"type": "Polygon", "coordinates": [[[75.82829048755393, 26.784917900500563], [75.82869669471367, 26.784898269440898], [75.82871257475067, 26.78522686019627], [75.82830636759093, 26.785246491255936], [75.82829048755393, 26.784917900500563]]]}}, {"type": "Feature", "properties": {"id": "roof-148", "parcelId": "JP-10-04", "company": "Sitapura Industrial Prospect 148", "segment": "C&I", "pincode": "302022", "area": 1267, "usableArea": 957, "height": 15.9, "orientation": 20, "ghi": 5.41, "shade": 19.8, "weatherVar": 17.5, "performance": 0.733, "kw": 100.8, "generation": 145777, "tariff": 8.31, "capex": 4433070, "opex": 53197, "annualSavings": 1210997, "payback": 3.8, "propensity": 98, "credit": 54, "sanctionedLoad": 178, "ownership": "Owned", "partner": "SunGrid EPC - Jaipur", "sla": "2h", "status": "new"}, "geometry": {"type": "Polygon", "coordinates": [[[75.82947490468143, 26.784824951513325], [75.82992743776556, 26.784855941905956], [75.82991019256019, 26.785107762722372], [75.82945765947606, 26.78507677232974], [75.82947490468143, 26.784824951513325]]]}}, {"type": "Feature", "properties": {"id": "roof-149", "parcelId": "JP-10-05", "company": "Sitapura Industrial Prospect 149", "segment": "C&I", "pincode": "302022", "area": 3000, "usableArea": 1790, "height": 17.6, "orientation": 0, "ghi": 5.43, "shade": 14.7, "weatherVar": 18.3, "performance": 0.742, "kw": 188.4, "generation": 276973, "tariff": 8.0, "capex": 8288504, "opex": 99462, "annualSavings": 2215623, "payback": 3.9, "propensity": 98, "credit": 61, "sanctionedLoad": 360, "ownership": "Owned", "partner": "SunGrid EPC - Jaipur", "sla": "2h", "status": "new"}, "geometry": {"type": "Polygon", "coordinates": [[[75.83066907340212, 26.78482123670357], [75.83129692829577, 26.7847851167616], [75.83132169741192, 26.785215665924646], [75.83069384251827, 26.785251785866617], [75.83066907340212, 26.78482123670357]]]}}, {"type": "Feature", "properties": {"id": "roof-150", "parcelId": "JP-10-06", "company": "Sitapura Industrial Prospect 150", "segment": "C&I", "pincode": "302022", "area": 1823, "usableArea": 1317, "height": 11.8, "orientation": 10, "ghi": 4.93, "shade": 4.2, "weatherVar": 12.4, "performance": 0.78, "kw": 138.6, "generation": 194607, "tariff": 8.39, "capex": 6099770, "opex": 73197, "annualSavings": 1632027, "payback": 3.9, "propensity": 98, "credit": 65, "sanctionedLoad": 219, "ownership": "Owned", "partner": "SunGrid EPC - Jaipur", "sla": "2h", "status": "new"}, "geometry": {"type": "Polygon", "coordinates": [[[75.83187182182425, 26.7847922972438], [75.83248576745872, 26.784824103743293], [75.83247190086493, 26.785091763965564], [75.83185795523046, 26.78505995746607], [75.83187182182425, 26.7847922972438]]]}}, {"type": "Feature", "properties": {"id": "roof-151", "parcelId": "JP-10-07", "company": "Sitapura Industrial Prospect 151", "segment": "C&I", "pincode": "302022", "area": 2411, "usableArea": 1728, "height": 13.7, "orientation": 135, "ghi": 4.65, "shade": 17.7, "weatherVar": 9.7, "performance": 0.757, "kw": 181.9, "generation": 233890, "tariff": 10.26, "capex": 8005190, "opex": 96062, "annualSavings": 2398672, "payback": 3.5, "propensity": 98, "credit": 64, "sanctionedLoad": 313, "ownership": "Owned", "partner": "SunGrid EPC - Jaipur", "sla": "2h", "status": "contacted"}, "geometry": {"type": "Polygon", "coordinates": [[[75.83324986386693, 26.784866791986214], [75.8337464131721, 26.784913646429718], [75.83370535694202, 26.785348748012144], [75.83320880763685, 26.78530189356864], [75.83324986386693, 26.784866791986214]]]}}, {"type": "Feature", "properties": {"id": "roof-152", "parcelId": "JP-10-08", "company": "Sitapura Industrial Prospect 152", "segment": "C&I", "pincode": "302022", "area": 3222, "usableArea": 2303, "height": 8.4, "orientation": 170, "ghi": 5.01, "shade": 7.6, "weatherVar": 15.7, "performance": 0.764, "kw": 242.5, "generation": 338976, "tariff": 8.17, "capex": 10668747, "opex": 128025, "annualSavings": 2768544, "payback": 4.0, "propensity": 98, "credit": 64, "sanctionedLoad": 360, "ownership": "Owned", "partner": "SunGrid EPC - Jaipur", "sla": "2h", "status": "new"}, "geometry": {"type": "Polygon", "coordinates": [[[75.83427660180392, 26.784787600544664], [75.83495983603427, 26.78478599007955], [75.83496084068626, 26.78521221019864], [75.83427760645591, 26.785213820663756], [75.83427660180392, 26.784787600544664]]]}}, {"type": "Feature", "properties": {"id": "roof-153", "parcelId": "JP-10-09", "company": "Sitapura Industrial Prospect 153", "segment": "C&I", "pincode": "302022", "area": 2545, "usableArea": 1599, "height": 11.6, "orientation": 20, "ghi": 5.08, "shade": 6.1, "weatherVar": 15.3, "performance": 0.768, "kw": 168.3, "generation": 239651, "tariff": 9.56, "capex": 7406294, "opex": 88876, "annualSavings": 2292231, "payback": 3.4, "propensity": 98, "credit": 72, "sanctionedLoad": 312, "ownership": "Owned", "partner": "SunGrid EPC - Jaipur", "sla": "2h", "status": "new"}, "geometry": {"type": "Polygon", "coordinates": [[[75.83562987763716, 26.78476723547573], [75.83628713737365, 26.78479718775317], [75.83627122029759, 26.78514646514053], [75.8356139605611, 26.78511651286309], [75.83562987763716, 26.78476723547573]]]}}, {"type": "Feature", "properties": {"id": "roof-154", "parcelId": "JP-10-10", "company": "Sitapura Industrial Prospect 154", "segment": "C&I", "pincode": "302022", "area": 2913, "usableArea": 1911, "height": 7.9, "orientation": 45, "ghi": 4.92, "shade": 3.8, "weatherVar": 13.0, "performance": 0.779, "kw": 201.2, "generation": 281286, "tariff": 8.38, "capex": 8851593, "opex": 106219, "annualSavings": 2357612, "payback": 3.9, "propensity": 98, "credit": 59, "sanctionedLoad": 287, "ownership": "Owned", "partner": "SunGrid EPC - Jaipur", "sla": "2h", "status": "new"}, "geometry": {"type": "Polygon", "coordinates": [[[75.83677518301901, 26.784812010798145], [75.8374914069525, 26.78477122694005], [75.83751227624008, 26.78513772201779], [75.8367960523066, 26.785178505875884], [75.83677518301901, 26.784812010798145]]]}}, {"type": "Feature", "properties": {"id": "roof-155", "parcelId": "JP-10-11", "company": "Sitapura Industrial Prospect 155", "segment": "C&I", "pincode": "302022", "area": 2786, "usableArea": 1663, "height": 11.6, "orientation": 170, "ghi": 4.81, "shade": 3.8, "weatherVar": 10.5, "performance": 0.785, "kw": 175.1, "generation": 241313, "tariff": 10.04, "capex": 7704216, "opex": 92451, "annualSavings": 2423862, "payback": 3.3, "propensity": 98, "credit": 76, "sanctionedLoad": 261, "ownership": "Owned", "partner": "SunGrid EPC - Jaipur", "sla": "2h", "status": "new"}, "geometry": {"type": "Polygon", "coordinates": [[[75.83821266272125, 26.78479781949236], [75.8388616021679, 26.784874277868276], [75.83881649704449, 26.785257107002025], [75.83816755759784, 26.78518064862611], [75.83821266272125, 26.78479781949236]]]}}, {"type": "Feature", "properties": {"id": "roof-156", "parcelId": "JP-10-12", "company": "Sitapura Industrial Prospect 156", "segment": "C&I", "pincode": "302022", "area": 1711, "usableArea": 1068, "height": 11.8, "orientation": 45, "ghi": 5.27, "shade": 12.6, "weatherVar": 12.1, "performance": 0.762, "kw": 112.4, "generation": 164880, "tariff": 10.28, "capex": 4947318, "opex": 59368, "annualSavings": 1695154, "payback": 3.0, "propensity": 98, "credit": 64, "sanctionedLoad": 243, "ownership": "Owned", "partner": "SunGrid EPC - Jaipur", "sla": "2h", "status": "contacted"}, "geometry": {"type": "Polygon", "coordinates": [[[75.83945995566891, 26.78484986072795], [75.84000074094773, 26.784808621172726], [75.84002242834406, 26.78509301378099], [75.83948164306524, 26.785134253336214], [75.83945995566891, 26.78484986072795]]]}}, {"type": "Feature", "properties": {"id": "roof-157", "parcelId": "JP-10-13", "company": "Sitapura Industrial Prospect 157", "segment": "C&I", "pincode": "302022", "area": 3074, "usableArea": 2180, "height": 8.0, "orientation": 45, "ghi": 4.75, "shade": 11.2, "weatherVar": 7.6, "performance": 0.776, "kw": 229.5, "generation": 308982, "tariff": 8.53, "capex": 10096004, "opex": 121152, "annualSavings": 2636391, "payback": 4.0, "propensity": 98, "credit": 68, "sanctionedLoad": 396, "ownership": "Owned", "partner": "SunGrid EPC - Jaipur", "sla": "2h", "status": "new"}, "geometry": {"type": "Polygon", "coordinates": [[[75.84064737361365, 26.784864902612885], [75.84130005826117, 26.7849245851763], [75.84126144927436, 26.785346810555165], [75.84060876462684, 26.78528712799175], [75.84064737361365, 26.784864902612885]]]}}, {"type": "Feature", "properties": {"id": "roof-158", "parcelId": "JP-10-14", "company": "Sitapura Industrial Prospect 158", "segment": "C&I", "pincode": "302022", "area": 5116, "usableArea": 3560, "height": 11.6, "orientation": 170, "ghi": 5.15, "shade": 22.8, "weatherVar": 7.7, "performance": 0.751, "kw": 374.8, "generation": 529155, "tariff": 9.6, "capex": 16489196, "opex": 197870, "annualSavings": 5080690, "payback": 3.4, "propensity": 98, "credit": 77, "sanctionedLoad": 610, "ownership": "Owned", "partner": "SunGrid EPC - Jaipur", "sla": "2h", "status": "new"}, "geometry": {"type": "Polygon", "coordinates": [[[75.841886626746, 26.784694360687617], [75.84266391813047, 26.784665572112267], [75.84268592541031, 26.785259768553537], [75.84190863402584, 26.785288557128887], [75.841886626746, 26.784694360687617]]]}}, {"type": "Feature", "properties": {"id": "roof-159", "parcelId": "JP-10-15", "company": "Sitapura Industrial Prospect 159", "segment": "C&I", "pincode": "302022", "area": 3268, "usableArea": 2080, "height": 18.0, "orientation": 20, "ghi": 4.76, "shade": 12.9, "weatherVar": 14.8, "performance": 0.754, "kw": 219.0, "generation": 286824, "tariff": 8.09, "capex": 9634907, "opex": 115619, "annualSavings": 2319663, "payback": 4.4, "propensity": 98, "credit": 63, "sanctionedLoad": 311, "ownership": "Rented", "partner": "SunGrid EPC - Jaipur", "sla": "2h", "status": "new"}, "geometry": {"type": "Polygon", "coordinates": [[[75.84326114743494, 26.78457544035192], [75.84369989606013, 26.7846072184607], [75.8436513799126, 26.7852770630122], [75.84321263128741, 26.785245284903418], [75.84326114743494, 26.78457544035192]]]}}, {"type": "Feature", "properties": {"id": "roof-160", "parcelId": "JP-10-16", "company": "Sitapura Industrial Prospect 160", "segment": "C&I", "pincode": "302022", "area": 2566, "usableArea": 1708, "height": 14.1, "orientation": 135, "ghi": 5.24, "shade": 17.3, "weatherVar": 8.4, "performance": 0.761, "kw": 179.8, "generation": 261733, "tariff": 9.93, "capex": 7910307, "opex": 94924, "annualSavings": 2597983, "payback": 3.2, "propensity": 98, "credit": 67, "sanctionedLoad": 345, "ownership": "Owned", "partner": "SunGrid EPC - Jaipur", "sla": "2h", "status": "new"}, "geometry": {"type": "Polygon", "coordinates": [[[75.84445957188359, 26.784734235905827], [75.84493051499003, 26.784729088479118], [75.84493589735388, 26.78522152621454], [75.84446495424744, 26.785226673641247], [75.84445957188359, 26.784734235905827]]]}}, {"type": "Feature", "properties": {"id": "roof-161", "parcelId": "JP-11-01", "company": "Sitapura Industrial Prospect 161", "segment": "C&I", "pincode": "302022", "area": 1650, "usableArea": 1257, "height": 11.7, "orientation": 170, "ghi": 5.35, "shade": 17.3, "weatherVar": 8.3, "performance": 0.761, "kw": 132.3, "generation": 196830, "tariff": 8.96, "capex": 5823349, "opex": 69880, "annualSavings": 1763696, "payback": 3.4, "propensity": 98, "credit": 73, "sanctionedLoad": 255, "ownership": "Owned", "partner": "SunGrid EPC - Jaipur", "sla": "2h", "status": "contacted"}, "geometry": {"type": "Polygon", "coordinates": [[[75.82564189803722, 26.786025671546177], [75.82622008865776, 26.785982231814724], [75.82623936487227, 26.78623880168876], [75.82566117425172, 26.786282241420214], [75.82564189803722, 26.786025671546177]]]}}, {"type": "Feature", "properties": {"id": "roof-162", "parcelId": "JP-11-02", "company": "Sitapura Industrial Prospect 162", "segment": "C&I", "pincode": "302022", "area": 1895, "usableArea": 1439, "height": 8.2, "orientation": 10, "ghi": 5.31, "shade": 5.6, "weatherVar": 11.6, "performance": 0.779, "kw": 151.5, "generation": 228512, "tariff": 9.48, "capex": 6665812, "opex": 79990, "annualSavings": 2166645, "payback": 3.2, "propensity": 98, "credit": 68, "sanctionedLoad": 260, "ownership": "Owned", "partner": "SunGrid EPC - Jaipur", "sla": "2h", "status": "new"}, "geometry": {"type": "Polygon", "coordinates": [[[75.82700406071307, 26.78600758435148], [75.82765559237947, 26.786008887348647], [75.82765506658474, 26.786271798069336], [75.82700353491833, 26.78627049507217], [75.82700406071307, 26.78600758435148]]]}}, {"type": "Feature", "properties": {"id": "roof-163", "parcelId": "JP-11-03", "company": "Sitapura Industrial Prospect 163", "segment": "C&I", "pincode": "302022", "area": 3336, "usableArea": 2343, "height": 17.8, "orientation": 135, "ghi": 5.49, "shade": 15.7, "weatherVar": 9.4, "performance": 0.762, "kw": 246.6, "generation": 376754, "tariff": 9.55, "capex": 10852063, "opex": 130225, "annualSavings": 3597119, "payback": 3.1, "propensity": 98, "credit": 65, "sanctionedLoad": 419, "ownership": "Owned", "partner": "SunGrid EPC - Jaipur", "sla": "2h", "status": "new"}, "geometry": {"type": "Polygon", "coordinates": [[[75.82833231367673, 26.785928781931162], [75.82878344178883, 26.785906993187343], [75.82881565078443, 26.786573868868622], [75.82836452267233, 26.78659565761244], [75.82833231367673, 26.785928781931162]]]}}, {"type": "Feature", "properties": {"id": "roof-164", "parcelId": "JP-11-04", "company": "Sitapura Industrial Prospect 164", "segment": "C&I", "pincode": "302022", "area": 3254, "usableArea": 2325, "height": 18.0, "orientation": 170, "ghi": 5.03, "shade": 3.3, "weatherVar": 8.3, "performance": 0.792, "kw": 244.7, "generation": 355876, "tariff": 8.87, "capex": 10766473, "opex": 129198, "annualSavings": 3155351, "payback": 3.6, "propensity": 98, "credit": 56, "sanctionedLoad": 373, "ownership": "Owned", "partner": "SunGrid EPC - Jaipur", "sla": "2h", "status": "new"}, "geometry": {"type": "Polygon", "coordinates": [[[75.82956208315987, 26.78592752400842], [75.83009628395916, 26.78591694261989], [75.83010718552718, 26.786467307662328], [75.82957298472789, 26.786477889050857], [75.82956208315987, 26.78592752400842]]]}}, {"type": "Feature", "properties": {"id": "roof-165", "parcelId": "JP-11-05", "company": "Sitapura Industrial Prospect 165", "segment": "C&I", "pincode": "302022", "area": 1421, "usableArea": 947, "height": 8.2, "orientation": 90, "ghi": 5.0, "shade": 13.2, "weatherVar": 16.6, "performance": 0.75, "kw": 99.6, "generation": 136300, "tariff": 9.75, "capex": 4384351, "opex": 52612, "annualSavings": 1328809, "payback": 3.4, "propensity": 98, "credit": 60, "sanctionedLoad": 190, "ownership": "Owned", "partner": "SunGrid EPC - Jaipur", "sla": "2h", "status": "new"}, "geometry": {"type": "Polygon", "coordinates": [[[75.83082438525581, 26.786077862473284], [75.83123237878594, 26.78609505988214], [75.83121912989084, 26.786409378366123], [75.83081113636071, 26.786392180957268], [75.83082438525581, 26.786077862473284]]]}}, {"type": "Feature", "properties": {"id": "roof-166", "parcelId": "JP-11-06", "company": "Sitapura Industrial Prospect 166", "segment": "C&I", "pincode": "302022", "area": 1776, "usableArea": 1251, "height": 10.3, "orientation": 90, "ghi": 5.31, "shade": 6.9, "weatherVar": 15.7, "performance": 0.766, "kw": 131.7, "generation": 195534, "tariff": 8.34, "capex": 5793765, "opex": 69525, "annualSavings": 1631102, "payback": 3.7, "propensity": 98, "credit": 73, "sanctionedLoad": 201, "ownership": "Owned", "partner": "SunGrid EPC - Jaipur", "sla": "2h", "status": "contacted"}, "geometry": {"type": "Polygon", "coordinates": [[[75.83194161956101, 26.786026518986535], [75.83260714735496, 26.786047895924316], [75.8325994084764, 26.786288830282427], [75.83193388068244, 26.786267453344646], [75.83194161956101, 26.786026518986535]]]}}, {"type": "Feature", "properties": {"id": "roof-167", "parcelId": "JP-11-07", "company": "Sitapura Industrial Prospect 167", "segment": "C&I", "pincode": "302022", "area": 2072, "usableArea": 1578, "height": 13.6, "orientation": 135, "ghi": 5.2, "shade": 16.2, "weatherVar": 12.9, "performance": 0.752, "kw": 166.1, "generation": 237257, "tariff": 9.4, "capex": 7307775, "opex": 87693, "annualSavings": 2231046, "payback": 3.4, "propensity": 98, "credit": 74, "sanctionedLoad": 273, "ownership": "Owned", "partner": "SunGrid EPC - Jaipur", "sla": "2h", "status": "new"}, "geometry": {"type": "Polygon", "coordinates": [[[75.83320240306799, 26.786047697346643], [75.8336153364929, 26.786001917418236], [75.83366501617985, 26.786450026535018], [75.83325208275494, 26.786495806463424], [75.83320240306799, 26.786047697346643]]]}}, {"type": "Feature", "properties": {"id": "roof-168", "parcelId": "JP-11-08", "company": "Sitapura Industrial Prospect 168", "segment": "C&I", "pincode": "302022", "area": 3016, "usableArea": 2159, "height": 14.0, "orientation": 90, "ghi": 5.39, "shade": 22.6, "weatherVar": 7.1, "performance": 0.752, "kw": 227.2, "generation": 336457, "tariff": 9.67, "capex": 9997863, "opex": 119974, "annualSavings": 3254556, "payback": 3.2, "propensity": 98, "credit": 78, "sanctionedLoad": 386, "ownership": "Owned", "partner": "SunGrid EPC - Jaipur", "sla": "2h", "status": "new"}, "geometry": {"type": "Polygon", "coordinates": [[[75.83435248206538, 26.785861540516976], [75.83492336283047, 26.78582290549395], [75.8349555371295, 26.78629832098514], [75.83438465636442, 26.786336956008164], [75.83435248206538, 26.785861540516976]]]}}, {"type": "Feature", "properties": {"id": "roof-169", "parcelId": "JP-11-09", "company": "Sitapura Industrial Prospect 169", "segment": "C&I", "pincode": "302022", "area": 3605, "usableArea": 2627, "height": 12.0, "orientation": 20, "ghi": 5.46, "shade": 6.9, "weatherVar": 13.2, "performance": 0.772, "kw": 276.6, "generation": 425376, "tariff": 10.45, "capex": 12168557, "opex": 146023, "annualSavings": 4447306, "payback": 2.8, "propensity": 98, "credit": 83, "sanctionedLoad": 445, "ownership": "Rented", "partner": "SunGrid EPC - Jaipur", "sla": "2h", "status": "new"}, "geometry": {"type": "Polygon", "coordinates": [[[75.8358407391251, 26.785942613458715], [75.83632929778851, 26.78592794737604], [75.83634930480687, 26.786594424060418], [75.83586074614347, 26.78660909014309], [75.8358407391251, 26.785942613458715]]]}}, {"type": "Feature", "properties": {"id": "roof-170", "parcelId": "JP-11-10", "company": "Sitapura Industrial Prospect 170", "segment": "C&I", "pincode": "302022", "area": 3972, "usableArea": 3036, "height": 16.2, "orientation": 0, "ghi": 5.06, "shade": 9.6, "weatherVar": 8.1, "performance": 0.779, "kw": 319.6, "generation": 459886, "tariff": 7.95, "capex": 14061048, "opex": 168733, "annualSavings": 3656991, "payback": 4.0, "propensity": 98, "credit": 62, "sanctionedLoad": 507, "ownership": "Owned", "partner": "SunGrid EPC - Jaipur", "sla": "2h", "status": "new"}, "geometry": {"type": "Polygon", "coordinates": [[[75.837058446107, 26.78581464348965], [75.83766911703866, 26.785836132506397], [75.83764845278822, 26.78642336538075], [75.83703778185655, 26.786401876364003], [75.837058446107, 26.78581464348965]]]}}, {"type": "Feature", "properties": {"id": "roof-171", "parcelId": "JP-11-11", "company": "Sitapura Industrial Prospect 171", "segment": "C&I", "pincode": "302022", "area": 2634, "usableArea": 1849, "height": 5.9, "orientation": 90, "ghi": 4.75, "shade": 18.7, "weatherVar": 10.6, "performance": 0.752, "kw": 194.7, "generation": 253663, "tariff": 8.04, "capex": 8566001, "opex": 102792, "annualSavings": 2040010, "payback": 4.4, "propensity": 98, "credit": 60, "sanctionedLoad": 319, "ownership": "Owned", "partner": "SunGrid EPC - Jaipur", "sla": "2h", "status": "contacted"}, "geometry": {"type": "Polygon", "coordinates": [[[75.83822428596875, 26.78592978147108], [75.83878645501362, 26.78594133337863], [75.83877775625928, 26.786364654842867], [75.8382155872144, 26.786353102935315], [75.83822428596875, 26.78592978147108]]]}}, {"type": "Feature", "properties": {"id": "roof-172", "parcelId": "JP-11-12", "company": "Sitapura Industrial Prospect 172", "segment": "C&I", "pincode": "302022", "area": 2288, "usableArea": 1624, "height": 10.5, "orientation": 0, "ghi": 5.15, "shade": 14.1, "weatherVar": 8.5, "performance": 0.768, "kw": 170.9, "generation": 246617, "tariff": 7.81, "capex": 7521290, "opex": 90255, "annualSavings": 1927083, "payback": 4.1, "propensity": 98, "credit": 61, "sanctionedLoad": 345, "ownership": "Owned", "partner": "SunGrid EPC - Jaipur", "sla": "2h", "status": "new"}, "geometry": {"type": "Polygon", "coordinates": [[[75.83958391958272, 26.785950939889176], [75.84001721321971, 26.785981670229067], [75.83998352259626, 26.786456703464168], [75.83955022895927, 26.786425973124278], [75.83958391958272, 26.785950939889176]]]}}, {"type": "Feature", "properties": {"id": "roof-173", "parcelId": "JP-11-13", "company": "Sitapura Industrial Prospect 173", "segment": "C&I", "pincode": "302022", "area": 2657, "usableArea": 1934, "height": 17.6, "orientation": 170, "ghi": 5.49, "shade": 22.9, "weatherVar": 12.5, "performance": 0.738, "kw": 203.6, "generation": 301196, "tariff": 9.34, "capex": 8959118, "opex": 107509, "annualSavings": 2812888, "payback": 3.3, "propensity": 98, "credit": 58, "sanctionedLoad": 300, "ownership": "Owned", "partner": "SunGrid EPC - Jaipur", "sla": "2h", "status": "new"}, "geometry": {"type": "Polygon", "coordinates": [[[75.840847439872, 26.785929903457166], [75.84135258947865, 26.785891197119216], [75.84138881444571, 26.786363962790887], [75.84088366483905, 26.786402669128837], [75.840847439872, 26.785929903457166]]]}}, {"type": "Feature", "properties": {"id": "roof-174", "parcelId": "JP-11-14", "company": "Sitapura Industrial Prospect 174", "segment": "C&I", "pincode": "302022", "area": 2510, "usableArea": 1686, "height": 14.1, "orientation": 170, "ghi": 4.93, "shade": 11.6, "weatherVar": 7.1, "performance": 0.777, "kw": 177.5, "generation": 248382, "tariff": 8.49, "capex": 7809974, "opex": 93720, "annualSavings": 2108591, "payback": 3.9, "propensity": 98, "credit": 69, "sanctionedLoad": 300, "ownership": "Owned", "partner": "SunGrid EPC - Jaipur", "sla": "2h", "status": "new"}, "geometry": {"type": "Polygon", "coordinates": [[[75.84199886241647, 26.785895174646328], [75.84240521611467, 26.785876209417914], [75.84243121659468, 26.786433302165392], [75.84202486289648, 26.786452267393805], [75.84199886241647, 26.785895174646328]]]}}, {"type": "Feature", "properties": {"id": "roof-175", "parcelId": "JP-11-15", "company": "Sitapura Industrial Prospect 175", "segment": "C&I", "pincode": "302022", "area": 4023, "usableArea": 2238, "height": 13.7, "orientation": 135, "ghi": 5.45, "shade": 4.5, "weatherVar": 7.9, "performance": 0.79, "kw": 235.6, "generation": 370247, "tariff": 7.85, "capex": 10367189, "opex": 124406, "annualSavings": 2907244, "payback": 3.7, "propensity": 98, "credit": 50, "sanctionedLoad": 394, "ownership": "Owned", "partner": "SunGrid EPC - Jaipur", "sla": "2h", "status": "new"}, "geometry": {"type": "Polygon", "coordinates": [[[75.84321392731967, 26.785858765024564], [75.84393778301623, 26.785921237103974], [75.84389474482809, 26.78641991488049], [75.84317088913153, 26.78635744280108], [75.84321392731967, 26.785858765024564]]]}}, {"type": "Feature", "properties": {"id": "roof-176", "parcelId": "JP-11-16", "company": "Sitapura Industrial Prospect 176", "segment": "C&I", "pincode": "302022", "area": 3188, "usableArea": 1899, "height": 12.0, "orientation": 0, "ghi": 5.01, "shade": 13.0, "weatherVar": 15.0, "performance": 0.754, "kw": 199.9, "generation": 275464, "tariff": 10.17, "capex": 8796517, "opex": 105558, "annualSavings": 2802671, "payback": 3.3, "propensity": 98, "credit": 74, "sanctionedLoad": 302, "ownership": "Owned", "partner": "SunGrid EPC - Jaipur", "sla": "2h", "status": "contacted"}, "geometry": {"type": "Polygon", "coordinates": [[[75.84450063102588, 26.785933887655837], [75.84506916220963, 26.785965744146843], [75.84504084424611, 26.786471124520148], [75.84447231306237, 26.78643926802914], [75.84450063102588, 26.785933887655837]]]}}, {"type": "Feature", "properties": {"id": "roof-177", "parcelId": "JP-12-01", "company": "Sitapura Industrial Prospect 177", "segment": "C&I", "pincode": "302022", "area": 4465, "usableArea": 2751, "height": 6.2, "orientation": 90, "ghi": 5.47, "shade": 10.2, "weatherVar": 12.6, "performance": 0.766, "kw": 289.6, "generation": 442569, "tariff": 9.07, "capex": 12741336, "opex": 152896, "annualSavings": 4015429, "payback": 3.3, "propensity": 98, "credit": 77, "sanctionedLoad": 440, "ownership": "Owned", "partner": "SunGrid EPC - Jaipur", "sla": "2h", "status": "new"}, "geometry": {"type": "Polygon", "coordinates": [[[75.82551206915188, 26.787052604019987], [75.8262373128142, 26.78697623590318], [75.82629527942449, 26.78752672632358], [75.82557003576217, 26.78760309444039], [75.82551206915188, 26.787052604019987]]]}}, {"type": "Feature", "properties": {"id": "roof-178", "parcelId": "JP-12-02", "company": "Sitapura Industrial Prospect 178", "segment": "C&I", "pincode": "302022", "area": 2977, "usableArea": 1840, "height": 8.0, "orientation": 20, "ghi": 5.39, "shade": 9.9, "weatherVar": 16.5, "performance": 0.757, "kw": 193.6, "generation": 288124, "tariff": 10.28, "capex": 8520245, "opex": 102243, "annualSavings": 2963096, "payback": 3.0, "propensity": 98, "credit": 81, "sanctionedLoad": 323, "ownership": "Owned", "partner": "SunGrid EPC - Jaipur", "sla": "2h", "status": "new"}, "geometry": {"type": "Polygon", "coordinates": [[[75.82698666463291, 26.787151929168495], [75.82766946653051, 26.78715465977299], [75.82766789015177, 26.787548841499778], [75.82698508825418, 26.78754611089528], [75.82698666463291, 26.787151929168495]]]}}, {"type": "Feature", "properties": {"id": "roof-179", "parcelId": "JP-12-03", "company": "Sitapura Industrial Prospect 179", "segment": "C&I", "pincode": "302022", "area": 1534, "usableArea": 989, "height": 13.7, "orientation": 170, "ghi": 5.02, "shade": 7.9, "weatherVar": 8.5, "performance": 0.781, "kw": 104.1, "generation": 148993, "tariff": 9.46, "capex": 4579282, "opex": 54951, "annualSavings": 1409262, "payback": 3.4, "propensity": 98, "credit": 69, "sanctionedLoad": 249, "ownership": "Rented", "partner": "SunGrid EPC - Jaipur", "sla": "2h", "status": "new"}, "geometry": {"type": "Polygon", "coordinates": [[[75.8282441682987, 26.787067446352673], [75.82864586305958, 26.787084349617245], [75.82863136266887, 26.787428941690045], [75.82822966790799, 26.787412038425472], [75.8282441682987, 26.787067446352673]]]}}, {"type": "Feature", "properties": {"id": "roof-180", "parcelId": "JP-12-04", "company": "Sitapura Industrial Prospect 180", "segment": "C&I", "pincode": "302022", "area": 2235, "usableArea": 1515, "height": 12.4, "orientation": 10, "ghi": 4.85, "shade": 11.2, "weatherVar": 8.7, "performance": 0.774, "kw": 159.4, "generation": 218204, "tariff": 9.43, "capex": 7014975, "opex": 84180, "annualSavings": 2057973, "payback": 3.6, "propensity": 98, "credit": 71, "sanctionedLoad": 284, "ownership": "Rented", "partner": "SunGrid EPC - Jaipur", "sla": "2h", "status": "new"}, "geometry": {"type": "Polygon", "coordinates": [[[75.82960361157576, 26.787126712227], [75.83010718433668, 26.787092407507924], [75.83013438848208, 26.78749174809343], [75.82963081572116, 26.787526052812506], [75.82960361157576, 26.787126712227]]]}}, {"type": "Feature", "properties": {"id": "roof-181", "parcelId": "JP-12-05", "company": "Sitapura Industrial Prospect 181", "segment": "C&I", "pincode": "302022", "area": 1841, "usableArea": 1247, "height": 8.0, "orientation": 90, "ghi": 5.19, "shade": 20.6, "weatherVar": 13.4, "performance": 0.741, "kw": 131.3, "generation": 184377, "tariff": 9.91, "capex": 5776931, "opex": 69323, "annualSavings": 1826558, "payback": 3.3, "propensity": 98, "credit": 74, "sanctionedLoad": 287, "ownership": "Owned", "partner": "SunGrid EPC - Jaipur", "sla": "2h", "status": "contacted"}, "geometry": {"type": "Polygon", "coordinates": [[[75.83086274295164, 26.78718664697598], [75.8314264414825, 26.787230910954865], [75.83140339822211, 26.787524365189174], [75.83083969969124, 26.78748010121029], [75.83086274295164, 26.78718664697598]]]}}, {"type": "Feature", "properties": {"id": "roof-182", "parcelId": "JP-12-06", "company": "Sitapura Industrial Prospect 182", "segment": "C&I", "pincode": "302022", "area": 3061, "usableArea": 1870, "height": 18.2, "orientation": 170, "ghi": 5.4, "shade": 14.5, "weatherVar": 12.1, "performance": 0.758, "kw": 196.9, "generation": 294264, "tariff": 8.51, "capex": 8663172, "opex": 103958, "annualSavings": 2504963, "payback": 3.6, "propensity": 98, "credit": 73, "sanctionedLoad": 290, "ownership": "Owned", "partner": "SunGrid EPC - Jaipur", "sla": "2h", "status": "new"}, "geometry": {"type": "Polygon", "coordinates": [[[75.83209971558286, 26.786972189851287], [75.8327098149057, 26.787011584402205], [75.83268065448708, 26.787463188779977], [75.83207055516424, 26.78742379422906], [75.83209971558286, 26.786972189851287]]]}}, {"type": "Feature", "properties": {"id": "roof-183", "parcelId": "JP-12-07", "company": "Sitapura Industrial Prospect 183", "segment": "C&I", "pincode": "302022", "area": 2263, "usableArea": 1239, "height": 12.2, "orientation": 20, "ghi": 4.89, "shade": 13.7, "weatherVar": 13.8, "performance": 0.755, "kw": 130.5, "generation": 175713, "tariff": 9.51, "capex": 5740147, "opex": 68882, "annualSavings": 1671603, "payback": 3.6, "propensity": 98, "credit": 66, "sanctionedLoad": 213, "ownership": "Owned", "partner": "SunGrid EPC - Jaipur", "sla": "2h", "status": "new"}, "geometry": {"type": "Polygon", "coordinates": [[[75.83323291776445, 26.7870610148496], [75.83358251768479, 26.78705336536828], [75.83359531381076, 26.78763817948022], [75.83324571389042, 26.787645828961537], [75.83323291776445, 26.7870610148496]]]}}, {"type": "Feature", "properties": {"id": "roof-184", "parcelId": "JP-12-08", "company": "Sitapura Industrial Prospect 184", "segment": "C&I", "pincode": "302022", "area": 3001, "usableArea": 1740, "height": 18.2, "orientation": 10, "ghi": 4.74, "shade": 13.2, "weatherVar": 16.4, "performance": 0.75, "kw": 183.2, "generation": 237667, "tariff": 10.04, "capex": 8059243, "opex": 96711, "annualSavings": 2386742, "payback": 3.5, "propensity": 98, "credit": 75, "sanctionedLoad": 268, "ownership": "Owned", "partner": "SunGrid EPC - Jaipur", "sla": "2h", "status": "new"}, "geometry": {"type": "Polygon", "coordinates": [[[75.83433611401203, 26.78714818326249], [75.83490164191872, 26.78709633851972], [75.83494525818516, 26.787572109341024], [75.83437973027847, 26.787623954083795], [75.83433611401203, 26.78714818326249]]]}}, {"type": "Feature", "properties": {"id": "roof-185", "parcelId": "JP-12-09", "company": "Sitapura Industrial Prospect 185", "segment": "C&I", "pincode": "302022", "area": 3572, "usableArea": 2230, "height": 16.0, "orientation": 135, "ghi": 5.52, "shade": 4.1, "weatherVar": 16.3, "performance": 0.77, "kw": 234.7, "generation": 364034, "tariff": 8.29, "capex": 10327666, "opex": 123932, "annualSavings": 3018120, "payback": 3.6, "propensity": 98, "credit": 52, "sanctionedLoad": 421, "ownership": "Owned", "partner": "SunGrid EPC - Jaipur", "sla": "2h", "status": "new"}, "geometry": {"type": "Polygon", "coordinates": [[[75.83575385446504, 26.787081120083226], [75.8364276242949, 26.787151012990034], [75.83637843296604, 26.787625218954407], [75.83570466313618, 26.7875553260476], [75.83575385446504, 26.787081120083226]]]}}, {"type": "Feature", "properties": {"id": "roof-186", "parcelId": "JP-12-10", "company": "Sitapura Industrial Prospect 186", "segment": "C&I", "pincode": "302022", "area": 3623, "usableArea": 2144, "height": 11.9, "orientation": 45, "ghi": 5.01, "shade": 7.0, "weatherVar": 7.2, "performance": 0.787, "kw": 225.7, "generation": 324965, "tariff": 9.77, "capex": 9930366, "opex": 119164, "annualSavings": 3174951, "payback": 3.2, "propensity": 98, "credit": 71, "sanctionedLoad": 396, "ownership": "Owned", "partner": "SunGrid EPC - Jaipur", "sla": "2h", "status": "contacted"}, "geometry": {"type": "Polygon", "coordinates": [[[75.83687153661892, 26.787156607960057], [75.83753149899314, 26.787090952270127], [75.83758038837753, 26.787582381942492], [75.8369204260033, 26.787648037632422], [75.83687153661892, 26.787156607960057]]]}}, {"type": "Feature", "properties": {"id": "roof-187", "parcelId": "JP-12-11", "company": "Sitapura Industrial Prospect 187", "segment": "C&I", "pincode": "302022", "area": 3450, "usableArea": 2245, "height": 10.4, "orientation": 170, "ghi": 5.11, "shade": 8.2, "weatherVar": 13.5, "performance": 0.768, "kw": 236.4, "generation": 338899, "tariff": 10.02, "capex": 10400204, "opex": 124802, "annualSavings": 3396274, "payback": 3.2, "propensity": 98, "credit": 70, "sanctionedLoad": 374, "ownership": "Owned", "partner": "SunGrid EPC - Jaipur", "sla": "2h", "status": "new"}, "geometry": {"type": "Polygon", "coordinates": [[[75.83806388443006, 26.78709412569077], [75.83878936734864, 26.787104334903965], [75.83878331873015, 26.78753415934905], [75.83805783581157, 26.787523950135856], [75.83806388443006, 26.78709412569077]]]}}, {"type": "Feature", "properties": {"id": "roof-188", "parcelId": "JP-12-12", "company": "Sitapura Industrial Prospect 188", "segment": "C&I", "pincode": "302022", "area": 4300, "usableArea": 3020, "height": 17.8, "orientation": 20, "ghi": 5.11, "shade": 3.2, "weatherVar": 17.0, "performance": 0.771, "kw": 317.9, "generation": 457231, "tariff": 8.5, "capex": 13985739, "opex": 167829, "annualSavings": 3884230, "payback": 3.8, "propensity": 98, "credit": 67, "sanctionedLoad": 530, "ownership": "Rented", "partner": "SunGrid EPC - Jaipur", "sla": "2h", "status": "new"}, "geometry": {"type": "Polygon", "coordinates": [[[75.83934992890462, 26.78703431624691], [75.84002255621829, 26.786989109526587], [75.84006121797836, 26.787564354880352], [75.8393885906647, 26.787609561600675], [75.83934992890462, 26.78703431624691]]]}}, {"type": "Feature", "properties": {"id": "roof-189", "parcelId": "JP-12-13", "company": "Sitapura Industrial Prospect 189", "segment": "C&I", "pincode": "302022", "area": 2612, "usableArea": 1951, "height": 7.7, "orientation": 170, "ghi": 4.87, "shade": 15.4, "weatherVar": 8.9, "performance": 0.764, "kw": 205.4, "generation": 279182, "tariff": 8.1, "capex": 9036537, "opex": 108438, "annualSavings": 2261017, "payback": 4.2, "propensity": 98, "credit": 65, "sanctionedLoad": 362, "ownership": "Owned", "partner": "SunGrid EPC - Jaipur", "sla": "2h", "status": "new"}, "geometry": {"type": "Polygon", "coordinates": [[[75.84080551075584, 26.78703057286795], [75.8412188753521, 26.78705395408515], [75.84118666677836, 26.787623380559744], [75.8407733021821, 26.787599999342543], [75.84080551075584, 26.78703057286795]]]}}, {"type": "Feature", "properties": {"id": "roof-190", "parcelId": "JP-12-14", "company": "Sitapura Industrial Prospect 190", "segment": "C&I", "pincode": "302022", "area": 1313, "usableArea": 995, "height": 9.9, "orientation": 170, "ghi": 5.17, "shade": 4.1, "weatherVar": 16.6, "performance": 0.77, "kw": 104.8, "generation": 152106, "tariff": 9.14, "capex": 4609647, "opex": 55316, "annualSavings": 1390138, "payback": 3.5, "propensity": 98, "credit": 67, "sanctionedLoad": 198, "ownership": "Owned", "partner": "SunGrid EPC - Jaipur", "sla": "2h", "status": "new"}, "geometry": {"type": "Polygon", "coordinates": [[[75.84219458354345, 26.787121802295875], [75.8424839423881, 26.787155593999227], [75.84243669414941, 26.787560181350617], [75.84214733530476, 26.787526389647265], [75.84219458354345, 26.787121802295875]]]}}, {"type": "Feature", "properties": {"id": "roof-191", "parcelId": "JP-12-15", "company": "Sitapura Industrial Prospect 191", "segment": "C&I", "pincode": "302022", "area": 2928, "usableArea": 1940, "height": 7.8, "orientation": 90, "ghi": 4.96, "shade": 6.7, "weatherVar": 12.1, "performance": 0.775, "kw": 204.2, "generation": 286535, "tariff": 8.97, "capex": 8986894, "opex": 107843, "annualSavings": 2571207, "payback": 3.6, "propensity": 98, "credit": 63, "sanctionedLoad": 333, "ownership": "Owned", "partner": "SunGrid EPC - Jaipur", "sla": "2h", "status": "contacted"}, "geometry": {"type": "Polygon", "coordinates": [[[75.84323707146501, 26.787060014512143], [75.84383403400378, 26.787025548378423], [75.8438595504214, 26.787467499470715], [75.84326258788263, 26.787501965604434], [75.84323707146501, 26.787060014512143]]]}}, {"type": "Feature", "properties": {"id": "roof-192", "parcelId": "JP-12-16", "company": "Sitapura Industrial Prospect 192", "segment": "C&I", "pincode": "302022", "area": 3348, "usableArea": 2153, "height": 5.7, "orientation": 45, "ghi": 4.77, "shade": 20.9, "weatherVar": 14.6, "performance": 0.738, "kw": 226.6, "generation": 291094, "tariff": 9.3, "capex": 9970470, "opex": 119646, "annualSavings": 2705764, "payback": 3.9, "propensity": 98, "credit": 67, "sanctionedLoad": 347, "ownership": "Owned", "partner": "SunGrid EPC - Jaipur", "sla": "2h", "status": "new"}, "geometry": {"type": "Polygon", "coordinates": [[[75.84451686199837, 26.787065116842086], [75.84507047504583, 26.78709684590754], [75.84503924541475, 26.787641744756037], [75.8444856323673, 26.787610015690582], [75.84451686199837, 26.787065116842086]]]}}, {"type": "Feature", "properties": {"id": "roof-193", "parcelId": "JP-13-01", "company": "Sitapura Industrial Prospect 193", "segment": "C&I", "pincode": "302022", "area": 1286, "usableArea": 940, "height": 9.5, "orientation": 0, "ghi": 4.97, "shade": 16.6, "weatherVar": 14.3, "performance": 0.748, "kw": 98.9, "generation": 134061, "tariff": 9.42, "capex": 4351632, "opex": 52220, "annualSavings": 1262205, "payback": 3.6, "propensity": 98, "credit": 69, "sanctionedLoad": 251, "ownership": "Owned", "partner": "SunGrid EPC - Jaipur", "sla": "2h", "status": "new"}, "geometry": {"type": "Polygon", "coordinates": [[[75.82571909037655, 26.7881946286946], [75.82608014970518, 26.788199610891937], [75.82607570767827, 26.78852152412512], [75.82571464834965, 26.788516541927784], [75.82571909037655, 26.7881946286946]]]}}, {"type": "Feature", "properties": {"id": "roof-194", "parcelId": "JP-13-02", "company": "Sitapura Industrial Prospect 194", "segment": "C&I", "pincode": "302022", "area": 2452, "usableArea": 1544, "height": 14.1, "orientation": 170, "ghi": 5.47, "shade": 4.6, "weatherVar": 11.1, "performance": 0.782, "kw": 162.5, "generation": 253621, "tariff": 8.68, "capex": 7151181, "opex": 85814, "annualSavings": 2200857, "payback": 3.4, "propensity": 98, "credit": 69, "sanctionedLoad": 298, "ownership": "Owned", "partner": "SunGrid EPC - Jaipur", "sla": "2h", "status": "new"}, "geometry": {"type": "Polygon", "coordinates": [[[75.82704388422849, 26.78822071927353], [75.82761681472009, 26.7882798573069], [75.82757730046782, 26.788662672200967], [75.82700436997622, 26.788603534167596], [75.82704388422849, 26.78822071927353]]]}}, {"type": "Feature", "properties": {"id": "roof-195", "parcelId": "JP-13-03", "company": "Sitapura Industrial Prospect 195", "segment": "C&I", "pincode": "302022", "area": 3770, "usableArea": 2689, "height": 15.6, "orientation": 10, "ghi": 5.01, "shade": 4.9, "weatherVar": 18.2, "performance": 0.764, "kw": 283.1, "generation": 395101, "tariff": 9.12, "capex": 12456606, "opex": 149479, "annualSavings": 3605267, "payback": 3.6, "propensity": 98, "credit": 73, "sanctionedLoad": 452, "ownership": "Owned", "partner": "SunGrid EPC - Jaipur", "sla": "2h", "status": "new"}, "geometry": {"type": "Polygon", "coordinates": [[[75.82814211029408, 26.78823509189861], [75.82879686376697, 26.78819601922034], [75.82882781416917, 26.788714665093305], [75.82817306069629, 26.788753737771575], [75.82814211029408, 26.78823509189861]]]}}, {"type": "Feature", "properties": {"id": "roof-196", "parcelId": "JP-13-04", "company": "Sitapura Industrial Prospect 196", "segment": "C&I", "pincode": "302022", "area": 2675, "usableArea": 1415, "height": 10.4, "orientation": 20, "ghi": 5.43, "shade": 12.3, "weatherVar": 17.5, "performance": 0.749, "kw": 149.0, "generation": 221154, "tariff": 10.42, "capex": 6555744, "opex": 78669, "annualSavings": 2303894, "payback": 2.9, "propensity": 98, "credit": 65, "sanctionedLoad": 316, "ownership": "Owned", "partner": "SunGrid EPC - Jaipur", "sla": "2h", "status": "contacted"}, "geometry": {"type": "Polygon", "coordinates": [[[75.82949817235176, 26.788080767929255], [75.82986869358098, 26.78805141554108], [75.82992007208948, 26.78869997701464], [75.82954955086026, 26.788729329402816], [75.82949817235176, 26.788080767929255]]]}}, {"type": "Feature", "properties": {"id": "roof-197", "parcelId": "JP-13-05", "company": "Sitapura Industrial Prospect 197", "segment": "C&I", "pincode": "302022", "area": 3569, "usableArea": 2141, "height": 11.8, "orientation": 20, "ghi": 4.66, "shade": 13.5, "weatherVar": 16.1, "performance": 0.75, "kw": 225.4, "generation": 287559, "tariff": 8.18, "capex": 9917745, "opex": 119013, "annualSavings": 2352701, "payback": 4.4, "propensity": 98, "credit": 63, "sanctionedLoad": 392, "ownership": "Owned", "partner": "SunGrid EPC - Jaipur", "sla": "2h", "status": "new"}, "geometry": {"type": "Polygon", "coordinates": [[[75.83067762301398, 26.788174006091527], [75.83124716388794, 26.788117720131588], [75.83130259941906, 26.788678655769477], [75.8307330585451, 26.788734941729416], [75.83067762301398, 26.788174006091527]]]}}, {"type": "Feature", "properties": {"id": "roof-198", "parcelId": "JP-13-06", "company": "Sitapura Industrial Prospect 198", "segment": "C&I", "pincode": "302022", "area": 4760, "usableArea": 3360, "height": 15.9, "orientation": 45, "ghi": 4.85, "shade": 4.6, "weatherVar": 14.5, "performance": 0.774, "kw": 353.7, "generation": 484209, "tariff": 9.25, "capex": 15560916, "opex": 186731, "annualSavings": 4477245, "payback": 3.6, "propensity": 98, "credit": 70, "sanctionedLoad": 565, "ownership": "Owned", "partner": "SunGrid EPC - Jaipur", "sla": "2h", "status": "new"}, "geometry": {"type": "Polygon", "coordinates": [[[75.83192074195435, 26.788186642002742], [75.83259946514308, 26.78814585269004], [75.83263742527333, 26.78877749904413], [75.8319587020846, 26.788818288356833], [75.83192074195435, 26.788186642002742]]]}}, {"type": "Feature", "properties": {"id": "roof-199", "parcelId": "JP-13-07", "company": "Sitapura Industrial Prospect 199", "segment": "C&I", "pincode": "302022", "area": 1725, "usableArea": 1041, "height": 7.5, "orientation": 90, "ghi": 4.67, "shade": 22.4, "weatherVar": 10.4, "performance": 0.745, "kw": 109.6, "generation": 139088, "tariff": 8.15, "capex": 4821545, "opex": 57859, "annualSavings": 1133584, "payback": 4.5, "propensity": 98, "credit": 51, "sanctionedLoad": 172, "ownership": "Rented", "partner": "SunGrid EPC - Jaipur", "sla": "2h", "status": "new"}, "geometry": {"type": "Polygon", "coordinates": [[[75.83327532629305, 26.788326519741776], [75.83371910626244, 26.78832566725865], [75.8337197813865, 26.788677118838745], [75.83327600141712, 26.78867797132187], [75.83327532629305, 26.788326519741776]]]}}, {"type": "Feature", "properties": {"id": "roof-200", "parcelId": "JP-13-08", "company": "Sitapura Industrial Prospect 200", "segment": "C&I", "pincode": "302022", "area": 4107, "usableArea": 2555, "height": 14.0, "orientation": 10, "ghi": 5.46, "shade": 8.0, "weatherVar": 11.6, "performance": 0.773, "kw": 268.9, "generation": 414255, "tariff": 7.84, "capex": 11833441, "opex": 142001, "annualSavings": 3245821, "payback": 3.8, "propensity": 98, "credit": 65, "sanctionedLoad": 418, "ownership": "Owned", "partner": "SunGrid EPC - Jaipur", "sla": "2h", "status": "new"}, "geometry": {"type": "Polygon", "coordinates": [[[75.83441156224126, 26.78811124247653], [75.83511351749408, 26.78807186427745], [75.83514309779355, 26.788599162301924], [75.83444114254073, 26.788638540501005], [75.83441156224126, 26.78811124247653]]]}}, {"type": "Feature", "properties": {"id": "roof-201", "parcelId": "JP-13-09", "company": "Sitapura Industrial Prospect 201", "segment": "C&I", "pincode": "302022", "area": 2726, "usableArea": 1934, "height": 16.4, "orientation": 90, "ghi": 4.76, "shade": 12.6, "weatherVar": 10.6, "performance": 0.766, "kw": 203.6, "generation": 270841, "tariff": 8.81, "capex": 8957368, "opex": 107488, "annualSavings": 2385891, "payback": 3.9, "propensity": 98, "credit": 69, "sanctionedLoad": 392, "ownership": "Owned", "partner": "SunGrid EPC - Jaipur", "sla": "2h", "status": "contacted"}, "geometry": {"type": "Polygon", "coordinates": [[[75.83591731588717, 26.788199161713727], [75.8363410842429, 26.788164363089596], [75.83638852389063, 26.78874207045648], [75.8359647555349, 26.78877686908061], [75.83591731588717, 26.788199161713727]]]}}, {"type": "Feature", "properties": {"id": "roof-202", "parcelId": "JP-13-10", "company": "Sitapura Industrial Prospect 202", "segment": "C&I", "pincode": "302022", "area": 3467, "usableArea": 2498, "height": 7.7, "orientation": 0, "ghi": 5.27, "shade": 9.8, "weatherVar": 18.6, "performance": 0.752, "kw": 262.9, "generation": 380116, "tariff": 9.93, "capex": 11569444, "opex": 138833, "annualSavings": 3773326, "payback": 3.2, "propensity": 98, "credit": 67, "sanctionedLoad": 386, "ownership": "Owned", "partner": "SunGrid EPC - Jaipur", "sla": "2h", "status": "new"}, "geometry": {"type": "Polygon", "coordinates": [[[75.83686545073152, 26.78824674023032], [75.83749967570485, 26.788194104828786], [75.83754041138681, 26.788684945328754], [75.83690618641349, 26.788737580730288], [75.83686545073152, 26.78824674023032]]]}}, {"type": "Feature", "properties": {"id": "roof-203", "parcelId": "JP-13-11", "company": "Sitapura Industrial Prospect 203", "segment": "C&I", "pincode": "302022", "area": 2161, "usableArea": 1265, "height": 6.0, "orientation": 45, "ghi": 5.15, "shade": 13.9, "weatherVar": 12.9, "performance": 0.757, "kw": 133.1, "generation": 189617, "tariff": 9.39, "capex": 5857184, "opex": 70286, "annualSavings": 1779890, "payback": 3.4, "propensity": 98, "credit": 64, "sanctionedLoad": 244, "ownership": "Owned", "partner": "SunGrid EPC - Jaipur", "sla": "2h", "status": "new"}, "geometry": {"type": "Polygon", "coordinates": [[[75.83822215354806, 26.788128644179668], [75.83864558811747, 26.788151470659525], [75.83862078908061, 26.78861149645257], [75.8381973545112, 26.788588669972714], [75.83822215354806, 26.788128644179668]]]}}, {"type": "Feature", "properties": {"id": "roof-204", "parcelId": "JP-13-12", "company": "Sitapura Industrial Prospect 204", "segment": "C&I", "pincode": "302022", "area": 2166, "usableArea": 1624, "height": 14.4, "orientation": 170, "ghi": 5.21, "shade": 9.4, "weatherVar": 7.8, "performance": 0.78, "kw": 170.9, "generation": 253406, "tariff": 10.51, "capex": 7520688, "opex": 90248, "annualSavings": 2662802, "payback": 2.9, "propensity": 98, "credit": 67, "sanctionedLoad": 317, "ownership": "Owned", "partner": "SunGrid EPC - Jaipur", "sla": "2h", "status": "new"}, "geometry": {"type": "Polygon", "coordinates": [[[75.83966556888296, 26.7882113396025], [75.8400655055188, 26.788233790731503], [75.84003810432287, 26.788721906144875], [75.83963816768704, 26.788699455015873], [75.83966556888296, 26.7882113396025]]]}}, {"type": "Feature", "properties": {"id": "roof-205", "parcelId": "JP-13-13", "company": "Sitapura Industrial Prospect 205", "segment": "C&I", "pincode": "302022", "area": 1615, "usableArea": 920, "height": 6.1, "orientation": 170, "ghi": 5.0, "shade": 12.8, "weatherVar": 14.5, "performance": 0.756, "kw": 96.9, "generation": 133603, "tariff": 9.45, "capex": 4263054, "opex": 51157, "annualSavings": 1262923, "payback": 3.5, "propensity": 98, "credit": 62, "sanctionedLoad": 221, "ownership": "Rented", "partner": "SunGrid EPC - Jaipur", "sla": "2h", "status": "new"}, "geometry": {"type": "Polygon", "coordinates": [[[75.84068263761846, 26.788181400154475], [75.84111334506566, 26.78814066068338], [75.84114512810429, 26.788476678581087], [75.84071442065708, 26.788517418052184], [75.84068263761846, 26.788181400154475]]]}}, {"type": "Feature", "properties": {"id": "roof-206", "parcelId": "JP-13-14", "company": "Sitapura Industrial Prospect 206", "segment": "C&I", "pincode": "302022", "area": 4198, "usableArea": 2247, "height": 13.8, "orientation": 0, "ghi": 5.31, "shade": 19.7, "weatherVar": 7.9, "performance": 0.757, "kw": 236.5, "generation": 346966, "tariff": 8.4, "capex": 10405742, "opex": 124869, "annualSavings": 2916079, "payback": 3.7, "propensity": 98, "credit": 54, "sanctionedLoad": 359, "ownership": "Owned", "partner": "SunGrid EPC - Jaipur", "sla": "2h", "status": "contacted"}, "geometry": {"type": "Polygon", "coordinates": [[[75.8420246487218, 26.788255244183908], [75.84269026015318, 26.788302327893167], [75.8426501288692, 26.788869654507636], [75.84198451743782, 26.788822570798377], [75.8420246487218, 26.788255244183908]]]}}, {"type": "Feature", "properties": {"id": "roof-207", "parcelId": "JP-13-15", "company": "Sitapura Industrial Prospect 207", "segment": "C&I", "pincode": "302022", "area": 3524, "usableArea": 2224, "height": 5.7, "orientation": 10, "ghi": 5.14, "shade": 13.1, "weatherVar": 14.9, "performance": 0.754, "kw": 234.1, "generation": 331413, "tariff": 9.29, "capex": 10298975, "opex": 123588, "annualSavings": 3080458, "payback": 3.5, "propensity": 98, "credit": 77, "sanctionedLoad": 426, "ownership": "Owned", "partner": "SunGrid EPC - Jaipur", "sla": "2h", "status": "new"}, "geometry": {"type": "Polygon", "coordinates": [[[75.84329215499429, 26.78810717662659], [75.8438122712246, 26.78813248050404], [75.84378254586096, 26.788743479514572], [75.84326242963064, 26.788718175637122], [75.84329215499429, 26.78810717662659]]]}}, {"type": "Feature", "properties": {"id": "roof-208", "parcelId": "JP-13-16", "company": "Sitapura Industrial Prospect 208", "segment": "C&I", "pincode": "302022", "area": 2794, "usableArea": 1714, "height": 11.9, "orientation": 45, "ghi": 4.65, "shade": 3.7, "weatherVar": 10.4, "performance": 0.786, "kw": 180.4, "generation": 240670, "tariff": 7.85, "capex": 7939237, "opex": 95271, "annualSavings": 1888215, "payback": 4.4, "propensity": 98, "credit": 69, "sanctionedLoad": 259, "ownership": "Owned", "partner": "SunGrid EPC - Jaipur", "sla": "2h", "status": "new"}, "geometry": {"type": "Polygon", "coordinates": [[[75.84455649487177, 26.78826418986503], [75.84504420309554, 26.788292850679273], [75.84501387859697, 26.788808869073076], [75.8445261703732, 26.78878020825883], [75.84455649487177, 26.78826418986503]]]}}, {"type": "Feature", "properties": {"id": "roof-209", "parcelId": "JP-14-01", "company": "Sitapura Industrial Prospect 209", "segment": "C&I", "pincode": "302022", "area": 4433, "usableArea": 2485, "height": 9.9, "orientation": 90, "ghi": 4.87, "shade": 8.1, "weatherVar": 10.6, "performance": 0.776, "kw": 261.6, "generation": 361041, "tariff": 9.4, "capex": 11510827, "opex": 138130, "annualSavings": 3392835, "payback": 3.5, "propensity": 98, "credit": 62, "sanctionedLoad": 376, "ownership": "Owned", "partner": "SunGrid EPC - Jaipur", "sla": "2h", "status": "new"}, "geometry": {"type": "Polygon", "coordinates": [[[75.82566446761417, 26.78918185334721], [75.82629315485647, 26.78917587356747], [75.82629921766751, 26.789813290348597], [75.82567053042521, 26.789819270128337], [75.82566446761417, 26.78918185334721]]]}}, {"type": "Feature", "properties": {"id": "roof-210", "parcelId": "JP-14-02", "company": "Sitapura Industrial Prospect 210", "segment": "C&I", "pincode": "302022", "area": 5140, "usableArea": 3905, "height": 9.8, "orientation": 170, "ghi": 5.04, "shade": 21.6, "weatherVar": 8.4, "performance": 0.751, "kw": 411.0, "generation": 568190, "tariff": 9.96, "capex": 18084386, "opex": 217013, "annualSavings": 5657523, "payback": 3.3, "propensity": 98, "credit": 78, "sanctionedLoad": 667, "ownership": "Owned", "partner": "SunGrid EPC - Jaipur", "sla": "2h", "status": "new"}, "geometry": {"type": "Polygon", "coordinates": [[[75.82694180998404, 26.789248024848177], [75.82769448343348, 26.789298702899757], [75.82765310763851, 26.789913218678144], [75.82690043418907, 26.789862540626565], [75.82694180998404, 26.789248024848177]]]}}, {"type": "Feature", "properties": {"id": "roof-211", "parcelId": "JP-14-03", "company": "Sitapura Industrial Prospect 211", "segment": "C&I", "pincode": "302022", "area": 2904, "usableArea": 2079, "height": 14.0, "orientation": 10, "ghi": 5.04, "shade": 18.7, "weatherVar": 8.8, "performance": 0.757, "kw": 218.8, "generation": 304584, "tariff": 8.74, "capex": 9627843, "opex": 115534, "annualSavings": 2662448, "payback": 3.8, "propensity": 98, "credit": 70, "sanctionedLoad": 368, "ownership": "Owned", "partner": "SunGrid EPC - Jaipur", "sla": "2h", "status": "contacted"}, "geometry": {"type": "Polygon", "coordinates": [[[75.82818933907775, 26.789435884193768], [75.8287738894332, 26.789502250378074], [75.82872354514343, 26.789945680609602], [75.82813899478799, 26.789879314425296], [75.82818933907775, 26.789435884193768]]]}}, {"type": "Feature", "properties": {"id": "roof-212", "parcelId": "JP-14-04", "company": "Sitapura Industrial Prospect 212", "segment": "C&I", "pincode": "302022", "area": 3744, "usableArea": 2183, "height": 10.3, "orientation": 20, "ghi": 5.27, "shade": 14.5, "weatherVar": 8.4, "performance": 0.767, "kw": 229.7, "generation": 338793, "tariff": 8.96, "capex": 10108690, "opex": 121304, "annualSavings": 3034919, "payback": 3.5, "propensity": 98, "credit": 59, "sanctionedLoad": 361, "ownership": "Owned", "partner": "SunGrid EPC - Jaipur", "sla": "2h", "status": "new"}, "geometry": {"type": "Polygon", "coordinates": [[[75.82945137299933, 26.789369203307484], [75.83005052476459, 26.789372690091216], [75.83004723779138, 26.78993750739922], [75.82944808602612, 26.789934020615487], [75.82945137299933, 26.789369203307484]]]}}, {"type": "Feature", "properties": {"id": "roof-213", "parcelId": "JP-14-05", "company": "Sitapura Industrial Prospect 213", "segment": "C&I", "pincode": "302022", "area": 2449, "usableArea": 1737, "height": 5.6, "orientation": 0, "ghi": 4.87, "shade": 15.4, "weatherVar": 8.8, "performance": 0.764, "kw": 182.9, "generation": 248307, "tariff": 10.13, "capex": 8045538, "opex": 96546, "annualSavings": 2515556, "payback": 3.3, "propensity": 98, "credit": 68, "sanctionedLoad": 346, "ownership": "Owned", "partner": "SunGrid EPC - Jaipur", "sla": "2h", "status": "new"}, "geometry": {"type": "Polygon", "coordinates": [[[75.83067765469286, 26.789417322321196], [75.83108675312258, 26.789383469337892], [75.83113122366262, 26.789920876275954], [75.83072212523291, 26.789954729259257], [75.83067765469286, 26.789417322321196]]]}}, {"type": "Feature", "properties": {"id": "roof-214", "parcelId": "JP-14-06", "company": "Sitapura Industrial Prospect 214", "segment": "C&I", "pincode": "302022", "area": 2273, "usableArea": 1405, "height": 16.0, "orientation": 20, "ghi": 4.8, "shade": 8.7, "weatherVar": 16.5, "performance": 0.76, "kw": 147.8, "generation": 196924, "tariff": 9.53, "capex": 6505202, "opex": 78062, "annualSavings": 1876740, "payback": 3.6, "propensity": 98, "credit": 72, "sanctionedLoad": 215, "ownership": "Owned", "partner": "SunGrid EPC - Jaipur", "sla": "2h", "status": "new"}, "geometry": {"type": "Polygon", "coordinates": [[[75.832004540307, 26.78944178718435], [75.83261282330618, 26.789466364557992], [75.83259919692415, 26.78980361363306], [75.83199091392497, 26.78977903625942], [75.832004540307, 26.78944178718435]]]}}, {"type": "Feature", "properties": {"id": "roof-215", "parcelId": "JP-14-07", "company": "Sitapura Industrial Prospect 215", "segment": "C&I", "pincode": "302022", "area": 4565, "usableArea": 2748, "height": 18.1, "orientation": 0, "ghi": 4.82, "shade": 13.0, "weatherVar": 12.5, "performance": 0.76, "kw": 289.3, "generation": 386715, "tariff": 10.39, "capex": 12729620, "opex": 152755, "annualSavings": 4019431, "payback": 3.3, "propensity": 98, "credit": 67, "sanctionedLoad": 461, "ownership": "Owned", "partner": "SunGrid EPC - Jaipur", "sla": "2h", "status": "new"}, "geometry": {"type": "Polygon", "coordinates": [[[75.83319152079336, 26.789335271645495], [75.83382028304365, 26.789274663997677], [75.8338829701339, 26.789924999018975], [75.83325420788361, 26.789985606666793], [75.83319152079336, 26.789335271645495]]]}}, {"type": "Feature", "properties": {"id": "roof-216", "parcelId": "JP-14-08", "company": "Sitapura Industrial Prospect 216", "segment": "C&I", "pincode": "302022", "area": 2128, "usableArea": 1599, "height": 18.5, "orientation": 90, "ghi": 5.5, "shade": 7.5, "weatherVar": 11.1, "performance": 0.776, "kw": 168.3, "generation": 262355, "tariff": 8.9, "capex": 7407114, "opex": 88885, "annualSavings": 2334951, "payback": 3.3, "propensity": 98, "credit": 71, "sanctionedLoad": 297, "ownership": "Owned", "partner": "SunGrid EPC - Jaipur", "sla": "2h", "status": "contacted"}, "geometry": {"type": "Polygon", "coordinates": [[[75.83453035419934, 26.78937484552583], [75.83499695731562, 26.78941736874489], [75.83495969319607, 26.789826264277718], [75.83449309007979, 26.78978374105866], [75.83453035419934, 26.78937484552583]]]}}, {"type": "Feature", "properties": {"id": "roof-217", "parcelId": "JP-14-09", "company": "Sitapura Industrial Prospect 217", "segment": "C&I", "pincode": "302022", "area": 2823, "usableArea": 1970, "height": 8.4, "orientation": 20, "ghi": 5.27, "shade": 21.0, "weatherVar": 17.9, "performance": 0.729, "kw": 207.4, "generation": 290793, "tariff": 9.0, "capex": 9124082, "opex": 109489, "annualSavings": 2618355, "payback": 3.6, "propensity": 98, "credit": 72, "sanctionedLoad": 364, "ownership": "Owned", "partner": "SunGrid EPC - Jaipur", "sla": "2h", "status": "new"}, "geometry": {"type": "Polygon", "coordinates": [[[75.83572387265826, 26.78942298749442], [75.83622782699409, 26.789432789315637], [75.83621798188406, 26.78993896931712], [75.83571402754824, 26.789929167495902], [75.83572387265826, 26.78942298749442]]]}}, {"type": "Feature", "properties": {"id": "roof-218", "parcelId": "JP-14-10", "company": "Sitapura Industrial Prospect 218", "segment": "C&I", "pincode": "302022", "area": 4202, "usableArea": 2516, "height": 16.4, "orientation": 135, "ghi": 5.49, "shade": 8.5, "weatherVar": 16.3, "performance": 0.76, "kw": 264.9, "generation": 403637, "tariff": 8.1, "capex": 11654569, "opex": 139855, "annualSavings": 3269036, "payback": 3.7, "propensity": 98, "credit": 67, "sanctionedLoad": 437, "ownership": "Owned", "partner": "SunGrid EPC - Jaipur", "sla": "2h", "status": "new"}, "geometry": {"type": "Polygon", "coordinates": [[[75.83688361982907, 26.789267938490188], [75.83748894961658, 26.78933521565613], [75.83742006064672, 26.78995504773304], [75.8368147308592, 26.7898877705671], [75.83688361982907, 26.789267938490188]]]}}, {"type": "Feature", "properties": {"id": "roof-219", "parcelId": "JP-14-11", "company": "Sitapura Industrial Prospect 219", "segment": "C&I", "pincode": "302022", "area": 2546, "usableArea": 1888, "height": 12.0, "orientation": 10, "ghi": 4.82, "shade": 3.6, "weatherVar": 16.2, "performance": 0.772, "kw": 198.7, "generation": 269951, "tariff": 7.84, "capex": 8743424, "opex": 104921, "annualSavings": 2116966, "payback": 4.3, "propensity": 98, "credit": 58, "sanctionedLoad": 361, "ownership": "Owned", "partner": "SunGrid EPC - Jaipur", "sla": "2h", "status": "new"}, "geometry": {"type": "Polygon", "coordinates": [[[75.83825428642905, 26.789374611300147], [75.83867664068981, 26.789361831293657], [75.83869311296561, 26.789906207845426], [75.83827075870485, 26.789918987851916], [75.83825428642905, 26.789374611300147]]]}}, {"type": "Feature", "properties": {"id": "roof-220", "parcelId": "JP-14-12", "company": "Sitapura Industrial Prospect 220", "segment": "C&I", "pincode": "302022", "area": 5240, "usableArea": 3727, "height": 12.2, "orientation": 45, "ghi": 5.2, "shade": 17.8, "weatherVar": 14.1, "performance": 0.745, "kw": 392.3, "generation": 555021, "tariff": 9.27, "capex": 17259842, "opex": 207118, "annualSavings": 5145402, "payback": 3.5, "propensity": 98, "credit": 74, "sanctionedLoad": 599, "ownership": "Owned", "partner": "SunGrid EPC - Jaipur", "sla": "2h", "status": "new"}, "geometry": {"type": "Polygon", "coordinates": [[[75.83925203545144, 26.789333633478403], [75.83995455167616, 26.789256070733423], [75.84002809900139, 26.789922217725415], [75.83932558277667, 26.789999780470396], [75.83925203545144, 26.789333633478403]]]}}, {"type": "Feature", "properties": {"id": "roof-221", "parcelId": "JP-14-13", "company": "Sitapura Industrial Prospect 221", "segment": "C&I", "pincode": "302022", "area": 3817, "usableArea": 2380, "height": 10.3, "orientation": 20, "ghi": 5.07, "shade": 11.4, "weatherVar": 14.4, "performance": 0.759, "kw": 250.5, "generation": 351486, "tariff": 7.95, "capex": 11022374, "opex": 132268, "annualSavings": 2795271, "payback": 4.1, "propensity": 98, "credit": 53, "sanctionedLoad": 440, "ownership": "Owned", "partner": "SunGrid EPC - Jaipur", "sla": "2h", "status": "contacted"}, "geometry": {"type": "Polygon", "coordinates": [[[75.84057320434846, 26.78937009642291], [75.84129836950545, 26.789333722896433], [75.84132217628166, 26.789808349535395], [75.84059701112467, 26.789844723061872], [75.84057320434846, 26.78937009642291]]]}}, {"type": "Feature", "properties": {"id": "roof-222", "parcelId": "JP-14-14", "company": "Sitapura Industrial Prospect 222", "segment": "C&I", "pincode": "302022", "area": 4676, "usableArea": 2677, "height": 11.6, "orientation": 20, "ghi": 5.27, "shade": 21.1, "weatherVar": 16.6, "performance": 0.732, "kw": 281.8, "generation": 397050, "tariff": 9.81, "capex": 12399965, "opex": 148800, "annualSavings": 3895640, "payback": 3.3, "propensity": 98, "credit": 62, "sanctionedLoad": 443, "ownership": "Owned", "partner": "SunGrid EPC - Jaipur", "sla": "2h", "status": "new"}, "geometry": {"type": "Polygon", "coordinates": [[[75.84182959547658, 26.789306148915767], [75.84247711982684, 26.78933922225868], [75.84244386057625, 26.789990386390595], [75.841796336226, 26.789957313047683], [75.84182959547658, 26.789306148915767]]]}}, {"type": "Feature", "properties": {"id": "roof-223", "parcelId": "JP-14-15", "company": "Sitapura Industrial Prospect 223", "segment": "C&I", "pincode": "302022", "area": 2944, "usableArea": 1646, "height": 17.6, "orientation": 170, "ghi": 5.29, "shade": 11.4, "weatherVar": 10.7, "performance": 0.768, "kw": 173.2, "generation": 256994, "tariff": 9.95, "capex": 7622734, "opex": 91473, "annualSavings": 2557650, "payback": 3.1, "propensity": 98, "credit": 74, "sanctionedLoad": 261, "ownership": "Rented", "partner": "SunGrid EPC - Jaipur", "sla": "2h", "status": "new"}, "geometry": {"type": "Polygon", "coordinates": [[[75.84325156827435, 26.789382931549714], [75.84385999224497, 26.789406237839167], [75.84384326057463, 26.78984302763021], [75.84323483660401, 26.789819721340756], [75.84325156827435, 26.789382931549714]]]}}, {"type": "Feature", "properties": {"id": "roof-224", "parcelId": "JP-14-16", "company": "Sitapura Industrial Prospect 224", "segment": "C&I", "pincode": "302022", "area": 1671, "usableArea": 1047, "height": 6.1, "orientation": 0, "ghi": 4.87, "shade": 13.9, "weatherVar": 14.4, "performance": 0.753, "kw": 110.2, "generation": 147548, "tariff": 9.36, "capex": 4848632, "opex": 58184, "annualSavings": 1381219, "payback": 3.7, "propensity": 98, "credit": 58, "sanctionedLoad": 179, "ownership": "Owned", "partner": "SunGrid EPC - Jaipur", "sla": "2h", "status": "new"}, "geometry": {"type": "Polygon", "coordinates": [[[75.84453767494246, 26.789366061792737], [75.84491533450736, 26.789363860343954], [75.8449176654358, 26.78976373220456], [75.8445400058709, 26.789765933653342], [75.84453767494246, 26.789366061792737]]]}}]}